date,diameter_ms,diameter,num_edges,num_vertices,radius_ms,radius,max_k_core,max_k_core_size,average_endpoint_distance,average_endpoint_distance_ms,time_interval,0-distance,1-distance,2-distance,3-distance,4-distance,5-distance,6-distance,7-distance,8-distance,9-distance,10-distance,11-distance,12-distance,13-distance,14-distance,15-distance,16-distance,17-distance,18-distance,19-distance,20-distance,21-distance,22-distance,23-distance,24-distance,25-distance,26-distance,27-distance,28-distance,29-distance,30-distance,31-distance,32-distance,33-distance,34-distance,35-distance,36-distance,37-distance,38-distance,39-distance,40-distance,41-distance,42-distance,43-distance,44-distance,45-distance,46-distance,47-distance,48-distance,49-distance,50-distance,51-distance,52-distance,53-distance,54-distance,55-distance,56-distance,57-distance,58-distance,59-distance,60-distance,61-distance,62-distance,63-distance,64-distance,1-core,2-core,3-core,4-core,5-core,6-core,7-core,8-core,9-core,10-core,11-core,12-core,13-core,14-core,15-core,16-core,17-core,18-core,19-core,20-core,21-core,22-core,23-core,24-core,25-core,26-core,27-core,28-core,29-core,30-core,31-core,32-core,33-core,34-core,35-core,36-core,37-core,38-core,39-core,40-core,41-core,42-core,43-core,44-core,45-core,46-core,47-core,48-core,49-core,50-core,51-core,52-core,53-core,54-core,55-core,56-core,57-core,58-core,59-core,60-core,61-core,62-core,63-core,64-core,65-core,66-core,67-core,68-core,69-core,70-core,71-core,72-core,73-core,74-core,75-core,76-core,77-core,78-core,79-core,80-core,81-core,82-core,83-core,84-core,85-core,86-core,87-core,88-core,89-core,90-core,91-core,92-core,93-core,94-core,95-core,96-core,97-core,98-core,99-core
2009-06-01,0.0,0,18879,14844,1871.146,36,8,60,6,32.17373332092686,MONTH,1,1,6,1,8,76,345,768,862,1255,1193,1309,2009,1262,1102,1006,942,713,487,410,299,245,138,104,82,61,51,37,33,22,8,5,1,1,0,0,1,0,0,0,0,0,0,0,0,0,0,0,0,0,0,0,0,0,0,0,0,0,0,0,0,0,0,0,0,10655,3175,412,270,145,38,89,60,0,0,0,0,0,0,0,0,0,0,0,0,0,0,0,0,0,0,0,0,0,0,0,0,0,0,0,0,0,0,0,0,0,0,0,0,0,0,0,0,0,0,0,0,0,0,0,0,0,0,0,0,0,0,0,0,0,0,0,0,0,0,0,0,0,0,0,0,0,0,0,0,0,0,0,0,0,0,0,0,0,0,0,0,0,0,0,0,0,0,0
2009-07-01,0.0,0,11752,6291,899.049,30,15,33,0,5.645399710395668,MONTH,1,1,1,1,1,12,51,106,246,421,568,670,720,673,535,508,561,426,236,196,123,77,55,35,25,16,8,8,4,3,3,0,0,0,0,0,0,0,0,0,0,0,0,0,0,0,0,0,0,0,0,0,0,0,0,0,0,0,0,0,0,0,0,0,0,2085,2740,598,357,171,100,92,78,1,0,3,5,11,17,33,0,0,0,0,0,0,0,0,0,0,0,0,0,0,0,0,0,0,0,0,0,0,0,0,0,0,0,0,0,0,0,0,0,0,0,0,0,0,0,0,0,0,0,0,0,0,0,0,0,0,0,0,0,0,0,0,0,0,0,0,0,0,0,0,0,0,0,0,0,0,0,0,0,0,0,0,0,0,0,0,0,0,0,0
2009-08-01,0.0,0,11266,6098,2408.1655,32,15,36,0,6.265175977763761,MONTH,1,1,1,1,1,13,61,109,248,444,592,712,817,661,557,433,460,320,210,164,98,65,47,32,23,12,7,3,1,1,1,1,1,0,0,0,0,0,0,0,0,0,0,0,0,0,0,0,0,0,0,0,0,0,0,0,0,0,0,0,0,0,0,0,0,2218,2571,491,289,148,146,90,46,5,0,1,11,27,19,36,0,0,0,0,0,0,0,0,0,0,0,0,0,0,0,0,0,0,0,0,0,0,0,0,0,0,0,0,0,0,0,0,0,0,0,0,0,0,0,0,0,0,0,0,0,0,0,0,0,0,0,0,0,0,0,0,0,0,0,0,0,0,0,0,0,0,0,0,0,0,0,0,0,0,0,0,0,0,0,0,0,0,0,0
2009-09-01,0.0,0,11093,6002,881.7165,28,15,32,0,6.447762013274345,MONTH,1,1,1,1,1,12,58,117,282,432,587,704,828,688,567,459,349,314,190,119,100,69,52,27,18,11,5,6,3,0,0,0,0,0,0,0,0,0,0,0,0,0,0,0,0,0,0,0,0,0,0,0,0,0,0,0,0,0,0,0,0,0,0,0,0,1992,2649,527,299,184,161,76,30,11,1,2,2,17,19,32,0,0,0,0,0,0,0,0,0,0,0,0,0,0,0,0,0,0,0,0,0,0,0,0,0,0,0,0,0,0,0,0,0,0,0,0,0,0,0,0,0,0,0,0,0,0,0,0,0,0,0,0,0,0,0,0,0,0,0,0,0,0,0,0,0,0,0,0,0,0,0,0,0,0,0,0,0,0,0,0,0,0,0,0
2009-10-01,0.0,0,10910,5919,696.798,27,15,38,0,6.126890533696916,MONTH,1,1,1,1,1,13,60,125,277,391,534,652,692,613,495,437,416,324,244,184,148,110,75,50,37,22,12,3,0,0,0,0,0,0,0,0,0,0,0,0,0,0,0,0,0,0,0,0,0,0,0,0,0,0,0,0,0,0,0,0,0,0,0,0,0,1879,2686,623,258,144,79,103,53,16,1,1,8,13,17,38,0,0,0,0,0,0,0,0,0,0,0,0,0,0,0,0,0,0,0,0,0,0,0,0,0,0,0,0,0,0,0,0,0,0,0,0,0,0,0,0,0,0,0,0,0,0,0,0,0,0,0,0,0,0,0,0,0,0,0,0,0,0,0,0,0,0,0,0,0,0,0,0,0,0,0,0,0,0,0,0,0,0,0,0
2009-11-01,0.0,0,10696,5951,2017.8315,27,15,37,0,7.129792390243889,MONTH,1,1,1,1,1,13,57,129,254,387,559,668,774,787,653,521,336,249,168,111,93,66,47,33,25,8,6,2,0,0,0,0,0,0,0,0,0,0,0,0,0,0,0,0,0,0,0,0,0,0,0,0,0,0,0,0,0,0,0,0,0,0,0,0,0,2148,2449,629,333,158,52,42,57,0,1,6,8,18,13,37,0,0,0,0,0,0,0,0,0,0,0,0,0,0,0,0,0,0,0,0,0,0,0,0,0,0,0,0,0,0,0,0,0,0,0,0,0,0,0,0,0,0,0,0,0,0,0,0,0,0,0,0,0,0,0,0,0,0,0,0,0,0,0,0,0,0,0,0,0,0,0,0,0,0,0,0,0,0,0,0,0,0,0,0
2009-12-01,0.0,0,9990,5440,1344.1475,28,15,47,0,5.96093724829072,MONTH,1,1,1,1,1,13,58,119,260,407,559,644,747,669,499,421,312,218,160,106,96,59,42,19,13,6,3,4,1,0,0,0,0,0,0,0,0,0,0,0,0,0,0,0,0,0,0,0,0,0,0,0,0,0,0,0,0,0,0,0,0,0,0,0,0,1746,2445,582,233,154,111,31,9,13,21,2,8,15,23,47,0,0,0,0,0,0,0,0,0,0,0,0,0,0,0,0,0,0,0,0,0,0,0,0,0,0,0,0,0,0,0,0,0,0,0,0,0,0,0,0,0,0,0,0,0,0,0,0,0,0,0,0,0,0,0,0,0,0,0,0,0,0,0,0,0,0,0,0,0,0,0,0,0,0,0,0,0,0,0,0,0,0,0,0
2010-01-01,0.0,0,9881,5398,3085.1735,30,15,41,0,6.134440284425627,MONTH,1,1,1,1,1,14,55,124,232,367,523,582,661,652,525,445,362,272,199,104,92,55,41,29,25,16,9,5,1,2,1,0,0,0,0,0,0,0,0,0,0,0,0,0,0,0,0,0,0,0,0,0,0,0,0,0,0,0,0,0,0,0,0,0,0,1828,2465,428,256,86,94,76,8,63,1,1,10,19,22,41,0,0,0,0,0,0,0,0,0,0,0,0,0,0,0,0,0,0,0,0,0,0,0,0,0,0,0,0,0,0,0,0,0,0,0,0,0,0,0,0,0,0,0,0,0,0,0,0,0,0,0,0,0,0,0,0,0,0,0,0,0,0,0,0,0,0,0,0,0,0,0,0,0,0,0,0,0,0,0,0,0,0,0,0
2010-02-01,0.0,0,9547,5125,4792.99,29,15,34,0,6.445592973032829,MONTH,1,1,1,1,1,14,56,129,237,363,507,533,631,635,509,438,349,251,146,93,63,52,40,28,19,13,6,4,3,1,0,0,0,0,0,0,0,0,0,0,0,0,0,0,0,0,0,0,0,0,0,0,0,0,0,0,0,0,0,0,0,0,0,0,0,1665,2319,578,181,84,45,34,51,42,27,8,13,25,19,34,0,0,0,0,0,0,0,0,0,0,0,0,0,0,0,0,0,0,0,0,0,0,0,0,0,0,0,0,0,0,0,0,0,0,0,0,0,0,0,0,0,0,0,0,0,0,0,0,0,0,0,0,0,0,0,0,0,0,0,0,0,0,0,0,0,0,0,0,0,0,0,0,0,0,0,0,0,0,0,0,0,0,0,0
2010-03-01,0.0,0,10505,5245,4690.546,28,15,54,0,5.851348465993389,MONTH,1,1,1,1,1,14,65,120,205,343,513,541,641,647,681,439,348,246,145,99,72,48,33,20,10,6,2,1,1,0,0,0,0,0,0,0,0,0,0,0,0,0,0,0,0,0,0,0,0,0,0,0,0,0,0,0,0,0,0,0,0,0,0,0,0,1433,2546,626,205,81,59,41,39,72,0,25,12,20,32,54,0,0,0,0,0,0,0,0,0,0,0,0,0,0,0,0,0,0,0,0,0,0,0,0,0,0,0,0,0,0,0,0,0,0,0,0,0,0,0,0,0,0,0,0,0,0,0,0,0,0,0,0,0,0,0,0,0,0,0,0,0,0,0,0,0,0,0,0,0,0,0,0,0,0,0,0,0,0,0,0,0,0,0,0
2010-04-01,0.0,0,10336,5184,4325.6675,29,15,43,0,5.863760639637364,MONTH,1,1,1,1,1,14,58,119,219,332,513,521,625,634,649,422,327,230,168,107,73,56,44,24,17,14,8,3,1,1,0,0,0,0,0,0,0,0,0,0,0,0,0,0,0,0,0,0,0,0,0,0,0,0,0,0,0,0,0,0,0,0,0,0,0,1408,2581,549,177,79,92,60,53,33,32,2,12,28,35,43,0,0,0,0,0,0,0,0,0,0,0,0,0,0,0,0,0,0,0,0,0,0,0,0,0,0,0,0,0,0,0,0,0,0,0,0,0,0,0,0,0,0,0,0,0,0,0,0,0,0,0,0,0,0,0,0,0,0,0,0,0,0,0,0,0,0,0,0,0,0,0,0,0,0,0,0,0,0,0,0,0,0,0,0
2010-05-01,0.0,0,10033,4983,2904.3045,29,15,49,0,6.041436455273021,MONTH,1,1,1,1,1,14,55,113,201,302,509,523,587,609,629,405,317,224,159,116,77,55,39,16,14,6,4,1,2,1,0,0,0,0,0,0,0,0,0,0,0,0,0,0,0,0,0,0,0,0,0,0,0,0,0,0,0,0,0,0,0,0,0,0,0,1504,2297,489,210,114,44,34,91,77,1,2,12,31,28,49,0,0,0,0,0,0,0,0,0,0,0,0,0,0,0,0,0,0,0,0,0,0,0,0,0,0,0,0,0,0,0,0,0,0,0,0,0,0,0,0,0,0,0,0,0,0,0,0,0,0,0,0,0,0,0,0,0,0,0,0,0,0,0,0,0,0,0,0,0,0,0,0,0,0,0,0,0,0,0,0,0,0,0,0
2010-06-01,0.0,0,9885,4764,654.126,27,15,41,0,5.420868785887948,MONTH,1,1,1,1,1,14,57,111,205,301,463,487,574,566,576,389,319,212,150,109,99,59,33,13,8,8,5,1,0,0,0,0,0,0,0,0,0,0,0,0,0,0,0,0,0,0,0,0,0,0,0,0,0,0,0,0,0,0,0,0,0,0,0,0,0,1409,2129,598,143,88,23,121,89,39,2,6,14,34,28,41,0,0,0,0,0,0,0,0,0,0,0,0,0,0,0,0,0,0,0,0,0,0,0,0,0,0,0,0,0,0,0,0,0,0,0,0,0,0,0,0,0,0,0,0,0,0,0,0,0,0,0,0,0,0,0,0,0,0,0,0,0,0,0,0,0,0,0,0,0,0,0,0,0,0,0,0,0,0,0,0,0,0,0,0
2010-07-01,0.0,0,25205,17994,2531.3455,31,13,53,3,18.00912882805821,MONTH,1,1,3,1,11,86,394,995,1099,1736,1704,1680,1866,2106,1479,1217,913,699,504,380,319,220,171,117,97,76,55,35,16,10,2,1,0,0,0,0,0,0,0,0,0,0,0,0,0,0,0,0,0,0,0,0,0,0,0,0,0,0,0,0,0,0,0,0,0,10569,5800,868,273,103,94,91,35,41,19,22,26,53,0,0,0,0,0,0,0,0,0,0,0,0,0,0,0,0,0,0,0,0,0,0,0,0,0,0,0,0,0,0,0,0,0,0,0,0,0,0,0,0,0,0,0,0,0,0,0,0,0,0,0,0,0,0,0,0,0,0,0,0,0,0,0,0,0,0,0,0,0,0,0,0,0,0,0,0,0,0,0,0,0,0,0,0,0,0
2010-08-01,0.0,0,28219,20429,1989.791,30,8,51,4,22.667791797222108,MONTH,1,1,3,1,12,89,417,1171,1185,1986,1892,1936,2178,2281,1655,1323,1098,807,612,421,368,276,208,156,124,97,65,33,19,12,2,0,0,0,0,0,0,0,0,0,0,0,0,0,0,0,0,0,0,0,0,0,0,0,0,0,0,0,0,0,0,0,0,0,0,10766,7530,1332,622,61,65,2,51,0,0,0,0,0,0,0,0,0,0,0,0,0,0,0,0,0,0,0,0,0,0,0,0,0,0,0,0,0,0,0,0,0,0,0,0,0,0,0,0,0,0,0,0,0,0,0,0,0,0,0,0,0,0,0,0,0,0,0,0,0,0,0,0,0,0,0,0,0,0,0,0,0,0,0,0,0,0,0,0,0,0,0,0,0,0,0,0,0,0,0
2010-09-01,0.0,0,26561,19833,2148.0885,32,8,45,4,26.647594372835087,MONTH,1,1,3,2,12,88,427,1168,1215,1790,2019,1902,2534,1560,1615,1298,1078,787,557,389,346,264,218,144,109,106,80,47,29,24,13,6,1,0,0,0,0,0,0,0,0,0,0,0,0,0,0,0,0,0,0,0,0,0,0,0,0,0,0,0,0,0,0,0,0,10662,7416,1268,334,19,19,70,45,0,0,0,0,0,0,0,0,0,0,0,0,0,0,0,0,0,0,0,0,0,0,0,0,0,0,0,0,0,0,0,0,0,0,0,0,0,0,0,0,0,0,0,0,0,0,0,0,0,0,0,0,0,0,0,0,0,0,0,0,0,0,0,0,0,0,0,0,0,0,0,0,0,0,0,0,0,0,0,0,0,0,0,0,0,0,0,0,0,0,0
2010-10-01,0.0,0,28931,20878,2759.359,31,8,54,4,22.003355702302258,MONTH,1,1,4,3,11,88,435,1262,1247,1907,2164,2107,2727,1678,1548,1426,1122,813,615,441,376,276,203,128,100,81,45,22,21,14,10,2,0,0,0,0,0,0,0,0,0,0,0,0,0,0,0,0,0,0,0,0,0,0,0,0,0,0,0,0,0,0,0,0,0,11067,7543,1477,621,31,27,58,54,0,0,0,0,0,0,0,0,0,0,0,0,0,0,0,0,0,0,0,0,0,0,0,0,0,0,0,0,0,0,0,0,0,0,0,0,0,0,0,0,0,0,0,0,0,0,0,0,0,0,0,0,0,0,0,0,0,0,0,0,0,0,0,0,0,0,0,0,0,0,0,0,0,0,0,0,0,0,0,0,0,0,0,0,0,0,0,0,0,0,0
2010-11-01,0.0,0,30840,21669,4868.833,31,11,32,4,23.16310258331862,MONTH,1,1,4,4,12,90,447,1267,1334,2067,2231,2074,2793,1693,1643,1549,1205,857,662,459,369,235,184,117,90,78,60,47,39,34,22,1,0,0,0,0,0,0,0,0,0,0,0,0,0,0,0,0,0,0,0,0,0,0,0,0,0,0,0,0,0,0,0,0,0,10962,8251,1505,621,133,104,26,32,1,2,32,0,0,0,0,0,0,0,0,0,0,0,0,0,0,0,0,0,0,0,0,0,0,0,0,0,0,0,0,0,0,0,0,0,0,0,0,0,0,0,0,0,0,0,0,0,0,0,0,0,0,0,0,0,0,0,0,0,0,0,0,0,0,0,0,0,0,0,0,0,0,0,0,0,0,0,0,0,0,0,0,0,0,0,0,0,0,0,0
2010-12-01,0.0,0,30567,21819,3482.9975,33,12,35,4,22.681825402999316,MONTH,1,1,4,4,11,89,448,1203,1319,1942,2094,1959,3101,1676,1604,1583,1294,915,710,450,369,239,201,130,117,112,84,53,43,37,22,2,1,1,0,0,0,0,0,0,0,0,0,0,0,0,0,0,0,0,0,0,0,0,0,0,0,0,0,0,0,0,0,0,0,11831,7679,1338,624,136,107,5,63,0,0,1,35,0,0,0,0,0,0,0,0,0,0,0,0,0,0,0,0,0,0,0,0,0,0,0,0,0,0,0,0,0,0,0,0,0,0,0,0,0,0,0,0,0,0,0,0,0,0,0,0,0,0,0,0,0,0,0,0,0,0,0,0,0,0,0,0,0,0,0,0,0,0,0,0,0,0,0,0,0,0,0,0,0,0,0,0,0,0,0
2011-01-01,0.0,0,30857,21940,4788.2555,30,13,35,4,22.78554259835231,MONTH,1,1,3,4,11,92,456,1266,1327,1852,2084,2114,3182,1679,1570,1532,1265,921,717,474,379,268,205,159,113,94,65,40,31,20,15,0,0,0,0,0,0,0,0,0,0,0,0,0,0,0,0,0,0,0,0,0,0,0,0,0,0,0,0,0,0,0,0,0,0,11738,7904,1359,606,125,94,26,50,0,0,0,3,35,0,0,0,0,0,0,0,0,0,0,0,0,0,0,0,0,0,0,0,0,0,0,0,0,0,0,0,0,0,0,0,0,0,0,0,0,0,0,0,0,0,0,0,0,0,0,0,0,0,0,0,0,0,0,0,0,0,0,0,0,0,0,0,0,0,0,0,0,0,0,0,0,0,0,0,0,0,0,0,0,0,0,0,0,0,0
2011-02-01,0.0,0,30575,21773,4970.84,31,11,33,4,24.934949009878064,MONTH,1,1,3,4,11,91,452,1255,1299,1775,2089,2196,3191,1679,1602,1526,1246,911,658,463,369,279,205,167,111,94,48,27,11,6,2,1,0,0,0,0,0,0,0,0,0,0,0,0,0,0,0,0,0,0,0,0,0,0,0,0,0,0,0,0,0,0,0,0,0,11429,8089,1460,373,270,73,15,28,0,3,33,0,0,0,0,0,0,0,0,0,0,0,0,0,0,0,0,0,0,0,0,0,0,0,0,0,0,0,0,0,0,0,0,0,0,0,0,0,0,0,0,0,0,0,0,0,0,0,0,0,0,0,0,0,0,0,0,0,0,0,0,0,0,0,0,0,0,0,0,0,0,0,0,0,0,0,0,0,0,0,0,0,0,0,0,0,0,0,0
2011-03-01,0.0,0,32166,22782,2644.4345,30,13,35,4,22.68376922925445,MONTH,1,1,3,4,13,93,488,1319,1343,1836,2104,2281,3272,1736,1677,1574,1375,1011,794,545,439,318,227,151,89,41,18,15,8,5,1,0,0,0,0,0,0,0,0,0,0,0,0,0,0,0,0,0,0,0,0,0,0,0,0,0,0,0,0,0,0,0,0,0,0,11875,8433,1496,593,184,106,31,28,0,1,0,0,35,0,0,0,0,0,0,0,0,0,0,0,0,0,0,0,0,0,0,0,0,0,0,0,0,0,0,0,0,0,0,0,0,0,0,0,0,0,0,0,0,0,0,0,0,0,0,0,0,0,0,0,0,0,0,0,0,0,0,0,0,0,0,0,0,0,0,0,0,0,0,0,0,0,0,0,0,0,0,0,0,0,0,0,0,0,0
2011-04-01,0.0,0,30946,22337,2651.894,32,14,33,4,23.436790137470087,MONTH,1,1,3,4,13,93,462,1329,1418,1779,2036,2189,3288,1716,1626,1605,1416,1031,721,496,352,235,188,129,85,57,31,15,10,4,1,2,1,0,0,0,0,0,0,0,0,0,0,0,0,0,0,0,0,0,0,0,0,0,0,0,0,0,0,0,0,0,0,0,0,12053,8026,1320,528,217,129,0,28,0,0,0,1,2,33,0,0,0,0,0,0,0,0,0,0,0,0,0,0,0,0,0,0,0,0,0,0,0,0,0,0,0,0,0,0,0,0,0,0,0,0,0,0,0,0,0,0,0,0,0,0,0,0,0,0,0,0,0,0,0,0,0,0,0,0,0,0,0,0,0,0,0,0,0,0,0,0,0,0,0,0,0,0,0,0,0,0,0,0,0
2011-05-01,0.0,0,33624,23312,4713.064,32,15,35,4,24.256468263093232,MONTH,1,1,3,4,13,96,462,1343,1477,1739,1786,1942,3319,1594,1412,1491,1324,1136,1004,893,777,523,351,228,140,111,71,33,16,10,10,1,1,0,0,0,0,0,0,0,0,0,0,0,0,0,0,0,0,0,0,0,0,0,0,0,0,0,0,0,0,0,0,0,0,12368,8272,1478,674,192,97,1,90,77,1,25,1,0,1,35,0,0,0,0,0,0,0,0,0,0,0,0,0,0,0,0,0,0,0,0,0,0,0,0,0,0,0,0,0,0,0,0,0,0,0,0,0,0,0,0,0,0,0,0,0,0,0,0,0,0,0,0,0,0,0,0,0,0,0,0,0,0,0,0,0,0,0,0,0,0,0,0,0,0,0,0,0,0,0,0,0,0,0,0
2011-06-01,0.0,0,33535,23330,4824.255,35,13,34,4,24.524556876267862,MONTH,1,1,3,4,13,103,457,1360,1337,1703,1648,1673,3309,1455,1337,1460,1472,1297,1171,1033,897,694,417,204,107,55,37,33,13,15,6,5,4,4,1,1,0,0,0,0,0,0,0,0,0,0,0,0,0,0,0,0,0,0,0,0,0,0,0,0,0,0,0,0,0,12451,8340,1422,627,133,93,8,66,128,0,27,1,34,0,0,0,0,0,0,0,0,0,0,0,0,0,0,0,0,0,0,0,0,0,0,0,0,0,0,0,0,0,0,0,0,0,0,0,0,0,0,0,0,0,0,0,0,0,0,0,0,0,0,0,0,0,0,0,0,0,0,0,0,0,0,0,0,0,0,0,0,0,0,0,0,0,0,0,0,0,0,0,0,0,0,0,0,0,0
2011-07-01,0.0,0,34463,23792,2637.885,35,12,25,4,23.10621075133972,MONTH,1,1,3,4,12,97,465,1405,1426,1687,1674,1736,3341,1392,1333,1401,1259,1427,1250,1134,1029,702,441,253,118,72,52,32,19,7,6,4,3,4,1,1,0,0,0,0,0,0,0,0,0,0,0,0,0,0,0,0,0,0,0,0,0,0,0,0,0,0,0,0,0,12584,8518,1542,646,120,73,48,61,19,68,88,25,0,0,0,0,0,0,0,0,0,0,0,0,0,0,0,0,0,0,0,0,0,0,0,0,0,0,0,0,0,0,0,0,0,0,0,0,0,0,0,0,0,0,0,0,0,0,0,0,0,0,0,0,0,0,0,0,0,0,0,0,0,0,0,0,0,0,0,0,0,0,0,0,0,0,0,0,0,0,0,0,0,0,0,0,0,0,0
2011-08-01,0.0,0,36137,24189,2059.126,34,14,33,4,21.24468843783982,MONTH,1,1,3,4,11,97,525,1349,1439,1739,1674,1795,3323,1492,1380,1494,1345,1535,1252,1111,989,686,423,251,110,67,35,25,10,11,4,3,3,1,1,0,0,0,0,0,0,0,0,0,0,0,0,0,0,0,0,0,0,0,0,0,0,0,0,0,0,0,0,0,0,12307,8957,1611,700,204,50,66,48,38,70,39,38,28,33,0,0,0,0,0,0,0,0,0,0,0,0,0,0,0,0,0,0,0,0,0,0,0,0,0,0,0,0,0,0,0,0,0,0,0,0,0,0,0,0,0,0,0,0,0,0,0,0,0,0,0,0,0,0,0,0,0,0,0,0,0,0,0,0,0,0,0,0,0,0,0,0,0,0,0,0,0,0,0,0,0,0,0,0,0
2011-09-01,0.0,0,35076,24139,2645.4015,32,14,34,4,22.477488205434415,MONTH,1,1,4,4,12,114,542,1337,1389,1771,1697,1767,3316,1405,1395,1657,1330,1450,1198,1157,970,679,425,254,112,64,36,20,16,6,5,3,2,0,0,0,0,0,0,0,0,0,0,0,0,0,0,0,0,0,0,0,0,0,0,0,0,0,0,0,0,0,0,0,0,13065,8546,1399,512,160,72,93,48,9,97,41,35,28,34,0,0,0,0,0,0,0,0,0,0,0,0,0,0,0,0,0,0,0,0,0,0,0,0,0,0,0,0,0,0,0,0,0,0,0,0,0,0,0,0,0,0,0,0,0,0,0,0,0,0,0,0,0,0,0,0,0,0,0,0,0,0,0,0,0,0,0,0,0,0,0,0,0,0,0,0,0,0,0,0,0,0,0,0,0
2011-10-01,0.0,0,35625,24522,4799.615,33,13,32,4,23.8726304616812,MONTH,1,1,4,4,11,109,542,1381,1440,1782,1724,1852,3440,1546,1475,1579,1268,1379,1224,1126,949,704,452,259,119,66,35,19,10,5,4,5,4,3,0,0,0,0,0,0,0,0,0,0,0,0,0,0,0,0,0,0,0,0,0,0,0,0,0,0,0,0,0,0,0,13112,8794,1417,601,150,76,54,63,36,104,52,31,32,0,0,0,0,0,0,0,0,0,0,0,0,0,0,0,0,0,0,0,0,0,0,0,0,0,0,0,0,0,0,0,0,0,0,0,0,0,0,0,0,0,0,0,0,0,0,0,0,0,0,0,0,0,0,0,0,0,0,0,0,0,0,0,0,0,0,0,0,0,0,0,0,0,0,0,0,0,0,0,0,0,0,0,0,0,0
2011-11-01,0.0,0,35714,24523,4696.313,35,13,34,4,23.560380395039417,MONTH,1,1,4,4,13,126,512,1277,1374,1791,1746,2024,3515,1626,1445,1417,1271,1340,1332,1144,903,687,443,265,121,68,30,18,11,5,2,2,1,1,2,1,0,0,0,0,0,0,0,0,0,0,0,0,0,0,0,0,0,0,0,0,0,0,0,0,0,0,0,0,0,13432,8405,1491,522,205,68,72,112,36,122,22,2,34,0,0,0,0,0,0,0,0,0,0,0,0,0,0,0,0,0,0,0,0,0,0,0,0,0,0,0,0,0,0,0,0,0,0,0,0,0,0,0,0,0,0,0,0,0,0,0,0,0,0,0,0,0,0,0,0,0,0,0,0,0,0,0,0,0,0,0,0,0,0,0,0,0,0,0,0,0,0,0,0,0,0,0,0,0,0
2011-12-01,0.0,0,35811,24602,4614.486,35,13,35,4,23.886194636710222,MONTH,1,1,3,4,13,107,479,1307,1399,1753,1730,2133,3136,2115,1335,1489,1236,1399,1273,1107,928,669,424,270,117,82,39,21,13,8,3,3,1,1,2,1,0,0,0,0,0,0,0,0,0,0,0,0,0,0,0,0,0,0,0,0,0,0,0,0,0,0,0,0,0,13198,8779,1522,508,140,86,28,108,66,106,1,25,35,0,0,0,0,0,0,0,0,0,0,0,0,0,0,0,0,0,0,0,0,0,0,0,0,0,0,0,0,0,0,0,0,0,0,0,0,0,0,0,0,0,0,0,0,0,0,0,0,0,0,0,0,0,0,0,0,0,0,0,0,0,0,0,0,0,0,0,0,0,0,0,0,0,0,0,0,0,0,0,0,0,0,0,0,0,0
2012-01-01,0.0,0,30495,22933,2652.6365,35,11,24,6,30.300538109838087,MONTH,1,1,3,4,13,106,473,1219,1422,1814,1800,2152,2710,2672,1621,1430,1164,1073,914,730,563,426,269,161,85,55,22,11,9,4,3,1,0,0,1,1,0,0,0,0,0,0,0,0,0,0,0,0,0,0,0,0,0,0,0,0,0,0,0,0,0,0,0,0,0,14094,7116,993,275,105,121,21,109,74,1,24,0,0,0,0,0,0,0,0,0,0,0,0,0,0,0,0,0,0,0,0,0,0,0,0,0,0,0,0,0,0,0,0,0,0,0,0,0,0,0,0,0,0,0,0,0,0,0,0,0,0,0,0,0,0,0,0,0,0,0,0,0,0,0,0,0,0,0,0,0,0,0,0,0,0,0,0,0,0,0,0,0,0,0,0,0,0,0,0
2012-02-01,0.0,0,31044,23313,4980.4815,35,11,34,6,33.308134192331934,MONTH,1,1,4,4,13,129,447,1247,1424,1813,1856,2178,2122,3570,1925,1727,1355,1085,764,509,353,274,190,126,78,53,21,12,9,9,5,4,2,1,1,1,0,0,0,0,0,0,0,0,0,0,0,0,0,0,0,0,0,0,0,0,0,0,0,0,0,0,0,0,0,14082,7508,1065,224,117,71,67,99,44,2,34,0,0,0,0,0,0,0,0,0,0,0,0,0,0,0,0,0,0,0,0,0,0,0,0,0,0,0,0,0,0,0,0,0,0,0,0,0,0,0,0,0,0,0,0,0,0,0,0,0,0,0,0,0,0,0,0,0,0,0,0,0,0,0,0,0,0,0,0,0,0,0,0,0,0,0,0,0,0,0,0,0,0,0,0,0,0,0,0
2012-03-01,0.0,0,39904,26702,4942.672,32,13,33,4,24.211440653432643,MONTH,1,1,3,4,13,127,460,1309,1528,2098,2117,2470,2419,4363,2268,1988,1506,1296,888,562,417,308,218,152,82,44,24,13,9,9,2,2,1,0,0,0,0,0,0,0,0,0,0,0,0,0,0,0,0,0,0,0,0,0,0,0,0,0,0,0,0,0,0,0,0,13040,10721,1711,578,193,133,58,101,65,66,0,3,33,0,0,0,0,0,0,0,0,0,0,0,0,0,0,0,0,0,0,0,0,0,0,0,0,0,0,0,0,0,0,0,0,0,0,0,0,0,0,0,0,0,0,0,0,0,0,0,0,0,0,0,0,0,0,0,0,0,0,0,0,0,0,0,0,0,0,0,0,0,0,0,0,0,0,0,0,0,0,0,0,0,0,0,0,0,0
2012-04-01,0.0,0,37236,26390,4049.7425,34,12,30,5,26.255092699363406,MONTH,1,1,5,4,12,151,457,1312,1486,2013,2088,2308,2610,4175,2543,1976,1533,1172,817,517,364,280,266,136,81,29,19,8,9,7,5,3,1,0,1,0,0,0,0,0,0,0,0,0,0,0,0,0,0,0,0,0,0,0,0,0,0,0,0,0,0,0,0,0,0,14001,9929,1449,485,185,59,82,106,22,37,5,30,0,0,0,0,0,0,0,0,0,0,0,0,0,0,0,0,0,0,0,0,0,0,0,0,0,0,0,0,0,0,0,0,0,0,0,0,0,0,0,0,0,0,0,0,0,0,0,0,0,0,0,0,0,0,0,0,0,0,0,0,0,0,0,0,0,0,0,0,0,0,0,0,0,0,0,0,0,0,0,0,0,0,0,0,0,0,0
2012-05-01,0.0,0,38791,27127,4576.69,32,13,32,4,24.74795527884943,MONTH,1,1,5,4,12,115,444,1378,1583,2090,2147,2376,2660,4617,2256,1940,1535,1246,858,534,434,324,238,157,77,38,21,15,9,4,5,2,1,0,0,0,0,0,0,0,0,0,0,0,0,0,0,0,0,0,0,0,0,0,0,0,0,0,0,0,0,0,0,0,0,14410,9970,1593,588,213,28,104,97,51,5,35,1,32,0,0,0,0,0,0,0,0,0,0,0,0,0,0,0,0,0,0,0,0,0,0,0,0,0,0,0,0,0,0,0,0,0,0,0,0,0,0,0,0,0,0,0,0,0,0,0,0,0,0,0,0,0,0,0,0,0,0,0,0,0,0,0,0,0,0,0,0,0,0,0,0,0,0,0,0,0,0,0,0,0,0,0,0,0,0
2012-06-01,0.0,0,40046,28070,4212.753,33,13,34,4,24.738041405042978,MONTH,1,1,4,4,13,112,445,1385,1636,2168,2209,2469,2632,4805,2268,2000,1532,1302,881,615,482,346,312,170,127,56,30,22,16,11,8,5,2,1,0,0,0,0,0,0,0,0,0,0,0,0,0,0,0,0,0,0,0,0,0,0,0,0,0,0,0,0,0,0,0,15098,9966,1703,700,227,69,91,97,83,1,0,1,34,0,0,0,0,0,0,0,0,0,0,0,0,0,0,0,0,0,0,0,0,0,0,0,0,0,0,0,0,0,0,0,0,0,0,0,0,0,0,0,0,0,0,0,0,0,0,0,0,0,0,0,0,0,0,0,0,0,0,0,0,0,0,0,0,0,0,0,0,0,0,0,0,0,0,0,0,0,0,0,0,0,0,0,0,0,0
2012-07-01,0.0,0,44470,29758,2388.102,33,13,35,4,24.21720559348984,MONTH,1,4,5,16,102,401,1115,1570,1999,2311,2456,2740,4586,3001,2313,1770,1481,1072,740,569,437,373,269,179,79,55,39,27,21,11,8,5,2,1,0,0,0,0,0,0,0,0,0,0,0,0,0,0,0,0,0,0,0,0,0,0,0,0,0,0,0,0,0,0,0,12760,13732,1838,752,263,115,112,114,36,0,0,1,35,0,0,0,0,0,0,0,0,0,0,0,0,0,0,0,0,0,0,0,0,0,0,0,0,0,0,0,0,0,0,0,0,0,0,0,0,0,0,0,0,0,0,0,0,0,0,0,0,0,0,0,0,0,0,0,0,0,0,0,0,0,0,0,0,0,0,0,0,0,0,0,0,0,0,0,0,0,0,0,0,0,0,0,0,0,0
2012-08-01,0.0,0,41810,29129,3896.3985,32,13,33,4,22.441982520422922,MONTH,1,4,2,15,106,436,1311,1639,2225,2339,2608,2869,5240,2324,2036,1556,1171,931,599,508,390,286,200,112,77,44,36,25,18,8,8,4,1,0,0,0,0,0,0,0,0,0,0,0,0,0,0,0,0,0,0,0,0,0,0,0,0,0,0,0,0,0,0,0,0,15302,10572,1708,920,287,121,47,60,76,1,0,2,33,0,0,0,0,0,0,0,0,0,0,0,0,0,0,0,0,0,0,0,0,0,0,0,0,0,0,0,0,0,0,0,0,0,0,0,0,0,0,0,0,0,0,0,0,0,0,0,0,0,0,0,0,0,0,0,0,0,0,0,0,0,0,0,0,0,0,0,0,0,0,0,0,0,0,0,0,0,0,0,0,0,0,0,0,0,0
2012-09-01,0.0,0,42269,29332,4761.747,32,19,34,4,23.777030436932222,MONTH,1,8,2,15,167,445,1371,1636,2160,2392,2668,2787,5264,2262,1943,1578,1244,963,632,506,387,290,198,159,89,49,35,37,17,12,8,5,2,0,0,0,0,0,0,0,0,0,0,0,0,0,0,0,0,0,0,0,0,0,0,0,0,0,0,0,0,0,0,0,0,15318,10959,1592,769,311,99,87,93,66,0,0,0,0,0,0,0,3,1,34,0,0,0,0,0,0,0,0,0,0,0,0,0,0,0,0,0,0,0,0,0,0,0,0,0,0,0,0,0,0,0,0,0,0,0,0,0,0,0,0,0,0,0,0,0,0,0,0,0,0,0,0,0,0,0,0,0,0,0,0,0,0,0,0,0,0,0,0,0,0,0,0,0,0,0,0,0,0,0,0
2012-10-01,0.0,0,42523,29953,3590.4905,30,13,35,4,22.94075379658747,MONTH,1,8,2,13,164,459,1466,1698,2228,2488,2806,2985,5431,2356,1958,1597,1190,955,593,452,343,274,184,96,68,46,33,31,18,7,3,0,0,0,0,0,0,0,0,0,0,0,0,0,0,0,0,0,0,0,0,0,0,0,0,0,0,0,0,0,0,0,0,0,0,15416,11334,1996,613,227,94,62,153,22,0,1,0,35,0,0,0,0,0,0,0,0,0,0,0,0,0,0,0,0,0,0,0,0,0,0,0,0,0,0,0,0,0,0,0,0,0,0,0,0,0,0,0,0,0,0,0,0,0,0,0,0,0,0,0,0,0,0,0,0,0,0,0,0,0,0,0,0,0,0,0,0,0,0,0,0,0,0,0,0,0,0,0,0,0,0,0,0,0,0
2012-11-01,0.0,0,41936,29653,3484.136,34,12,34,4,23.49800908460889,MONTH,1,10,2,15,201,490,1485,1689,2257,2487,2771,2848,5331,2108,1950,1666,1223,954,661,450,318,266,198,84,62,38,27,21,19,9,6,1,2,1,2,0,0,0,0,0,0,0,0,0,0,0,0,0,0,0,0,0,0,0,0,0,0,0,0,0,0,0,0,0,0,15887,10670,1883,690,150,106,19,136,51,25,2,34,0,0,0,0,0,0,0,0,0,0,0,0,0,0,0,0,0,0,0,0,0,0,0,0,0,0,0,0,0,0,0,0,0,0,0,0,0,0,0,0,0,0,0,0,0,0,0,0,0,0,0,0,0,0,0,0,0,0,0,0,0,0,0,0,0,0,0,0,0,0,0,0,0,0,0,0,0,0,0,0,0,0,0,0,0,0,0
2012-12-01,0.0,0,42869,29964,2667.8355,31,14,34,4,22.3413591713562,MONTH,1,8,2,14,142,613,1505,1654,2210,2592,2651,2816,5547,2120,2118,1677,1260,958,664,482,318,233,176,62,42,42,28,15,5,5,1,3,0,0,0,0,0,0,0,0,0,0,0,0,0,0,0,0,0,0,0,0,0,0,0,0,0,0,0,0,0,0,0,0,0,16132,10535,1684,1041,172,148,19,161,1,35,1,0,1,34,0,0,0,0,0,0,0,0,0,0,0,0,0,0,0,0,0,0,0,0,0,0,0,0,0,0,0,0,0,0,0,0,0,0,0,0,0,0,0,0,0,0,0,0,0,0,0,0,0,0,0,0,0,0,0,0,0,0,0,0,0,0,0,0,0,0,0,0,0,0,0,0,0,0,0,0,0,0,0,0,0,0,0,0,0
2013-01-01,0.0,0,44799,30191,4774.714,34,14,34,4,21.97274314773319,MONTH,1,9,2,14,140,680,1418,1652,2205,2602,2653,2754,5663,2169,2127,1709,1280,953,703,488,334,222,170,66,52,44,31,23,9,8,4,4,1,0,1,0,0,0,0,0,0,0,0,0,0,0,0,0,0,0,0,0,0,0,0,0,0,0,0,0,0,0,0,0,0,14701,12188,1706,939,275,78,26,129,59,5,49,0,2,34,0,0,0,0,0,0,0,0,0,0,0,0,0,0,0,0,0,0,0,0,0,0,0,0,0,0,0,0,0,0,0,0,0,0,0,0,0,0,0,0,0,0,0,0,0,0,0,0,0,0,0,0,0,0,0,0,0,0,0,0,0,0,0,0,0,0,0,0,0,0,0,0,0,0,0,0,0,0,0,0,0,0,0,0,0
2013-02-01,0.0,0,40686,28988,4802.759,31,14,34,4,22.981862100886783,MONTH,1,9,2,14,164,702,1338,1637,2244,2707,2718,2653,5263,2205,2058,1702,1164,877,574,358,230,127,71,44,43,28,18,16,9,6,4,2,0,0,0,0,0,0,0,0,0,0,0,0,0,0,0,0,0,0,0,0,0,0,0,0,0,0,0,0,0,0,0,0,0,15594,10652,1584,644,170,60,43,152,1,52,0,0,2,34,0,0,0,0,0,0,0,0,0,0,0,0,0,0,0,0,0,0,0,0,0,0,0,0,0,0,0,0,0,0,0,0,0,0,0,0,0,0,0,0,0,0,0,0,0,0,0,0,0,0,0,0,0,0,0,0,0,0,0,0,0,0,0,0,0,0,0,0,0,0,0,0,0,0,0,0,0,0,0,0,0,0,0,0,0
2013-03-01,0.0,0,41801,29717,2663.653,31,12,33,4,23.40742304801413,MONTH,1,10,3,14,191,738,1407,1642,2289,2755,2856,2847,5571,2290,2157,1783,1138,764,453,311,194,101,66,44,35,26,14,8,5,2,1,1,0,0,0,0,0,0,0,0,0,0,0,0,0,0,0,0,0,0,0,0,0,0,0,0,0,0,0,0,0,0,0,0,0,16020,10703,1757,731,155,93,41,101,80,1,2,33,0,0,0,0,0,0,0,0,0,0,0,0,0,0,0,0,0,0,0,0,0,0,0,0,0,0,0,0,0,0,0,0,0,0,0,0,0,0,0,0,0,0,0,0,0,0,0,0,0,0,0,0,0,0,0,0,0,0,0,0,0,0,0,0,0,0,0,0,0,0,0,0,0,0,0,0,0,0,0,0,0,0,0,0,0,0,0
2013-04-01,0.0,0,37076,26713,3379.176,31,11,32,5,27.485608524590177,MONTH,1,13,2,14,119,706,1278,1615,2160,2641,2626,2470,5026,1808,1808,1563,1040,612,397,308,188,97,68,41,38,31,21,17,2,1,1,1,0,0,0,0,0,0,0,0,0,0,0,0,0,0,0,0,0,0,0,0,0,0,0,0,0,0,0,0,0,0,0,0,0,14169,10530,1166,406,187,49,70,100,2,2,32,0,0,0,0,0,0,0,0,0,0,0,0,0,0,0,0,0,0,0,0,0,0,0,0,0,0,0,0,0,0,0,0,0,0,0,0,0,0,0,0,0,0,0,0,0,0,0,0,0,0,0,0,0,0,0,0,0,0,0,0,0,0,0,0,0,0,0,0,0,0,0,0,0,0,0,0,0,0,0,0,0,0,0,0,0,0,0,0
2013-05-01,0.0,0,41692,29392,2818.7695,30,12,35,4,22.869340185575172,MONTH,1,15,2,14,209,900,1475,2046,2536,2773,2709,2444,5374,1980,1883,1845,1165,662,457,345,202,119,86,53,42,22,16,11,2,2,2,0,0,0,0,0,0,0,0,0,0,0,0,0,0,0,0,0,0,0,0,0,0,0,0,0,0,0,0,0,0,0,0,0,0,15820,10834,1541,544,207,179,56,44,42,36,54,35,0,0,0,0,0,0,0,0,0,0,0,0,0,0,0,0,0,0,0,0,0,0,0,0,0,0,0,0,0,0,0,0,0,0,0,0,0,0,0,0,0,0,0,0,0,0,0,0,0,0,0,0,0,0,0,0,0,0,0,0,0,0,0,0,0,0,0,0,0,0,0,0,0,0,0,0,0,0,0,0,0,0,0,0,0,0,0
2013-06-01,0.0,0,41268,29307,3908.754,30,12,32,4,22.280656693632107,MONTH,1,8,2,14,125,885,1413,2014,2555,2805,2744,2481,5408,2204,1975,1673,1145,653,424,294,186,98,70,49,37,24,8,6,2,2,2,0,0,0,0,0,0,0,0,0,0,0,0,0,0,0,0,0,0,0,0,0,0,0,0,0,0,0,0,0,0,0,0,0,0,16241,10340,1449,547,329,69,49,111,49,38,53,32,0,0,0,0,0,0,0,0,0,0,0,0,0,0,0,0,0,0,0,0,0,0,0,0,0,0,0,0,0,0,0,0,0,0,0,0,0,0,0,0,0,0,0,0,0,0,0,0,0,0,0,0,0,0,0,0,0,0,0,0,0,0,0,0,0,0,0,0,0,0,0,0,0,0,0,0,0,0,0,0,0,0,0,0,0,0,0
2013-07-01,0.0,0,42830,30036,2561.058,28,11,142,4,22.535465264614768,MONTH,1,9,2,14,126,902,1530,2076,2646,2896,2877,2568,5471,2286,1964,1685,1212,660,437,284,179,84,54,29,21,12,5,3,3,0,0,0,0,0,0,0,0,0,0,0,0,0,0,0,0,0,0,0,0,0,0,0,0,0,0,0,0,0,0,0,0,0,0,0,0,16473,10421,1597,923,265,48,48,57,50,12,142,0,0,0,0,0,0,0,0,0,0,0,0,0,0,0,0,0,0,0,0,0,0,0,0,0,0,0,0,0,0,0,0,0,0,0,0,0,0,0,0,0,0,0,0,0,0,0,0,0,0,0,0,0,0,0,0,0,0,0,0,0,0,0,0,0,0,0,0,0,0,0,0,0,0,0,0,0,0,0,0,0,0,0,0,0,0,0,0
2013-08-01,0.0,0,42969,29071,3527.8875,28,17,46,4,21.117945831120526,MONTH,1,10,2,14,123,1010,1530,2145,2621,2798,2709,2434,5229,2057,1783,1555,1196,711,467,277,183,96,58,24,19,12,5,1,1,0,0,0,0,0,0,0,0,0,0,0,0,0,0,0,0,0,0,0,0,0,0,0,0,0,0,0,0,0,0,0,0,0,0,0,0,14454,11796,1623,471,342,62,68,21,84,24,5,31,40,2,2,0,46,0,0,0,0,0,0,0,0,0,0,0,0,0,0,0,0,0,0,0,0,0,0,0,0,0,0,0,0,0,0,0,0,0,0,0,0,0,0,0,0,0,0,0,0,0,0,0,0,0,0,0,0,0,0,0,0,0,0,0,0,0,0,0,0,0,0,0,0,0,0,0,0,0,0,0,0,0,0,0,0,0,0
2013-09-01,0.0,0,41842,29516,3952.346,28,12,44,4,22.6280447825121,MONTH,1,11,3,14,150,976,1571,2225,2649,2903,2879,2449,5282,2129,1743,1656,1129,617,422,305,155,77,59,37,27,26,11,8,2,0,0,0,0,0,0,0,0,0,0,0,0,0,0,0,0,0,0,0,0,0,0,0,0,0,0,0,0,0,0,0,0,0,0,0,0,16132,10490,1580,716,205,88,86,67,15,42,51,44,0,0,0,0,0,0,0,0,0,0,0,0,0,0,0,0,0,0,0,0,0,0,0,0,0,0,0,0,0,0,0,0,0,0,0,0,0,0,0,0,0,0,0,0,0,0,0,0,0,0,0,0,0,0,0,0,0,0,0,0,0,0,0,0,0,0,0,0,0,0,0,0,0,0,0,0,0,0,0,0,0,0,0,0,0,0,0
2013-10-01,0.0,0,42834,29716,3825.53,29,16,43,3,21.32452404791699,MONTH,1,6,5,17,138,1147,1906,2532,2970,2918,2693,5550,2298,1956,1687,1349,862,578,352,233,146,84,65,55,58,47,26,17,12,8,0,0,0,0,0,0,0,0,0,0,0,0,0,0,0,0,0,0,0,0,0,0,0,0,0,0,0,0,0,0,0,0,0,0,0,15778,10860,1810,601,261,117,65,26,64,43,6,34,2,1,5,43,0,0,0,0,0,0,0,0,0,0,0,0,0,0,0,0,0,0,0,0,0,0,0,0,0,0,0,0,0,0,0,0,0,0,0,0,0,0,0,0,0,0,0,0,0,0,0,0,0,0,0,0,0,0,0,0,0,0,0,0,0,0,0,0,0,0,0,0,0,0,0,0,0,0,0,0,0,0,0,0,0,0,0
2013-11-01,0.0,0,43913,30043,5374.708,30,17,40,3,21.53113695238088,MONTH,1,7,6,24,135,1055,1809,2480,3040,2893,2683,5774,2419,2097,1864,1378,866,525,308,199,113,89,63,56,49,43,24,20,16,6,1,0,0,0,0,0,0,0,0,0,0,0,0,0,0,0,0,0,0,0,0,0,0,0,0,0,0,0,0,0,0,0,0,0,0,15171,11861,1722,599,258,127,71,101,13,52,11,7,2,1,3,4,40,0,0,0,0,0,0,0,0,0,0,0,0,0,0,0,0,0,0,0,0,0,0,0,0,0,0,0,0,0,0,0,0,0,0,0,0,0,0,0,0,0,0,0,0,0,0,0,0,0,0,0,0,0,0,0,0,0,0,0,0,0,0,0,0,0,0,0,0,0,0,0,0,0,0,0,0,0,0,0,0,0,0
2013-12-01,0.0,0,42305,29537,4947.4195,29,18,54,4,21.543332018191048,MONTH,1,7,4,16,131,1042,1747,2378,2960,2803,2723,5800,2292,1997,1738,1380,889,523,341,213,129,96,72,74,65,49,30,20,12,5,0,0,0,0,0,0,0,0,0,0,0,0,0,0,0,0,0,0,0,0,0,0,0,0,0,0,0,0,0,0,0,0,0,0,0,15876,10729,1681,585,345,59,31,72,51,36,4,4,3,1,2,3,1,54,0,0,0,0,0,0,0,0,0,0,0,0,0,0,0,0,0,0,0,0,0,0,0,0,0,0,0,0,0,0,0,0,0,0,0,0,0,0,0,0,0,0,0,0,0,0,0,0,0,0,0,0,0,0,0,0,0,0,0,0,0,0,0,0,0,0,0,0,0,0,0,0,0,0,0,0,0,0,0,0,0
2014-01-01,0.0,0,43793,29407,2175.643,29,18,59,3,20.787046759885676,MONTH,1,7,7,16,133,1111,1787,2345,2976,2812,2736,5619,2227,1953,1671,1405,928,550,359,200,125,97,78,66,64,49,37,27,16,5,0,0,0,0,0,0,0,0,0,0,0,0,0,0,0,0,0,0,0,0,0,0,0,0,0,0,0,0,0,0,0,0,0,0,0,14490,11992,1603,687,246,81,20,91,49,44,27,3,4,3,1,1,6,59,0,0,0,0,0,0,0,0,0,0,0,0,0,0,0,0,0,0,0,0,0,0,0,0,0,0,0,0,0,0,0,0,0,0,0,0,0,0,0,0,0,0,0,0,0,0,0,0,0,0,0,0,0,0,0,0,0,0,0,0,0,0,0,0,0,0,0,0,0,0,0,0,0,0,0,0,0,0,0,0,0
2014-02-01,0.0,0,42451,29108,3907.791,29,16,88,4,23.28792762800498,MONTH,1,7,6,22,130,1086,1767,2373,3035,2740,2685,5463,2206,1973,1646,1305,923,527,370,229,143,102,83,74,69,60,40,23,15,5,0,0,0,0,0,0,0,0,0,0,0,0,0,0,0,0,0,0,0,0,0,0,0,0,0,0,0,0,0,0,0,0,0,0,0,14572,11900,1560,496,207,118,12,44,15,54,17,5,9,6,5,88,0,0,0,0,0,0,0,0,0,0,0,0,0,0,0,0,0,0,0,0,0,0,0,0,0,0,0,0,0,0,0,0,0,0,0,0,0,0,0,0,0,0,0,0,0,0,0,0,0,0,0,0,0,0,0,0,0,0,0,0,0,0,0,0,0,0,0,0,0,0,0,0,0,0,0,0,0,0,0,0,0,0,0
2014-03-01,0.0,0,42822,29167,4741.6225,29,14,85,3,20.961038620264862,MONTH,1,14,8,38,132,1112,1818,2378,2965,2720,2830,5542,2102,1904,1701,1330,868,539,361,243,158,100,65,63,62,46,33,21,10,3,0,0,0,0,0,0,0,0,0,0,0,0,0,0,0,0,0,0,0,0,0,0,0,0,0,0,0,0,0,0,0,0,0,0,0,13924,12450,1682,553,198,112,101,5,5,7,31,8,6,85,0,0,0,0,0,0,0,0,0,0,0,0,0,0,0,0,0,0,0,0,0,0,0,0,0,0,0,0,0,0,0,0,0,0,0,0,0,0,0,0,0,0,0,0,0,0,0,0,0,0,0,0,0,0,0,0,0,0,0,0,0,0,0,0,0,0,0,0,0,0,0,0,0,0,0,0,0,0,0,0,0,0,0,0,0
2014-04-01,0.0,0,43524,29105,5112.486,33,16,77,4,21.02196657166813,MONTH,1,7,9,45,162,1084,1728,2103,2701,2344,2412,4184,1911,2778,1772,1626,1204,882,589,426,287,243,173,135,90,70,54,32,21,12,7,5,4,4,0,0,0,0,0,0,0,0,0,0,0,0,0,0,0,0,0,0,0,0,0,0,0,0,0,0,0,0,0,0,0,13879,12170,1646,653,334,168,78,31,13,14,21,2,8,7,4,77,0,0,0,0,0,0,0,0,0,0,0,0,0,0,0,0,0,0,0,0,0,0,0,0,0,0,0,0,0,0,0,0,0,0,0,0,0,0,0,0,0,0,0,0,0,0,0,0,0,0,0,0,0,0,0,0,0,0,0,0,0,0,0,0,0,0,0,0,0,0,0,0,0,0,0,0,0,0,0,0,0,0,0
2014-05-01,0.0,0,41148,26922,4370.362,32,18,81,4,23.00832360489989,MONTH,1,8,9,37,132,1159,1662,1978,2540,2097,2325,2173,1943,2631,1879,1762,1375,977,630,442,333,254,181,129,91,69,32,30,22,10,7,3,1,0,0,0,0,0,0,0,0,0,0,0,0,0,0,0,0,0,0,0,0,0,0,0,0,0,0,0,0,0,0,0,0,13003,10704,1771,746,296,108,77,42,7,15,4,9,7,7,4,12,29,81,0,0,0,0,0,0,0,0,0,0,0,0,0,0,0,0,0,0,0,0,0,0,0,0,0,0,0,0,0,0,0,0,0,0,0,0,0,0,0,0,0,0,0,0,0,0,0,0,0,0,0,0,0,0,0,0,0,0,0,0,0,0,0,0,0,0,0,0,0,0,0,0,0,0,0,0,0,0,0,0,0
2014-06-01,0.0,0,41266,26233,4267.7135,32,21,88,4,23.023340129238044,MONTH,1,9,8,22,137,1162,1677,1863,2683,2035,2214,2178,1864,1977,2013,1869,1390,970,597,421,322,225,161,135,89,72,52,30,27,9,8,8,5,0,0,0,0,0,0,0,0,0,0,0,0,0,0,0,0,0,0,0,0,0,0,0,0,0,0,0,0,0,0,0,0,12108,11061,1470,733,292,185,91,50,77,8,4,3,2,0,3,12,6,8,9,23,88,0,0,0,0,0,0,0,0,0,0,0,0,0,0,0,0,0,0,0,0,0,0,0,0,0,0,0,0,0,0,0,0,0,0,0,0,0,0,0,0,0,0,0,0,0,0,0,0,0,0,0,0,0,0,0,0,0,0,0,0,0,0,0,0,0,0,0,0,0,0,0,0,0,0,0,0,0,0
2014-07-01,0.0,0,40133,25822,4664.0525,40,20,125,4,23.392195912078865,MONTH,1,7,8,19,140,1178,1671,1865,2485,2140,2228,2077,1831,1893,1964,1890,1450,932,543,403,298,219,173,125,98,67,54,23,24,11,3,0,1,0,0,0,0,0,0,0,1,0,0,0,0,0,0,0,0,0,0,0,0,0,0,0,0,0,0,0,0,0,0,0,0,12250,10615,1560,663,263,128,54,43,6,36,31,4,4,4,3,6,6,6,15,125,0,0,0,0,0,0,0,0,0,0,0,0,0,0,0,0,0,0,0,0,0,0,0,0,0,0,0,0,0,0,0,0,0,0,0,0,0,0,0,0,0,0,0,0,0,0,0,0,0,0,0,0,0,0,0,0,0,0,0,0,0,0,0,0,0,0,0,0,0,0,0,0,0,0,0,0,0,0,0
2014-08-01,0.0,0,37761,24266,4938.0845,31,23,100,3,22.408097191150826,MONTH,1,9,5,20,130,1183,1671,1927,2492,2115,2224,1986,1778,1763,1788,1696,1224,760,439,304,196,142,118,96,72,46,34,23,15,7,1,1,0,0,0,0,0,0,0,0,0,0,0,0,0,0,0,0,0,0,0,0,0,0,0,0,0,0,0,0,0,0,0,0,0,11930,9627,1452,579,207,123,34,17,46,30,48,1,4,1,5,8,5,7,6,29,5,2,100,0,0,0,0,0,0,0,0,0,0,0,0,0,0,0,0,0,0,0,0,0,0,0,0,0,0,0,0,0,0,0,0,0,0,0,0,0,0,0,0,0,0,0,0,0,0,0,0,0,0,0,0,0,0,0,0,0,0,0,0,0,0,0,0,0,0,0,0,0,0,0,0,0,0,0,0
2014-09-01,0.0,0,34973,22365,2943.949,31,21,105,3,21.608047843544238,MONTH,1,11,7,58,136,1161,1620,1942,2362,1990,2027,1917,1669,1608,1609,1603,1042,585,346,197,126,83,50,39,44,42,34,26,16,10,3,1,0,0,0,0,0,0,0,0,0,0,0,0,0,0,0,0,0,0,0,0,0,0,0,0,0,0,0,0,0,0,0,0,0,10719,9082,1335,558,263,87,45,66,29,17,1,2,1,4,1,6,3,7,9,25,105,0,0,0,0,0,0,0,0,0,0,0,0,0,0,0,0,0,0,0,0,0,0,0,0,0,0,0,0,0,0,0,0,0,0,0,0,0,0,0,0,0,0,0,0,0,0,0,0,0,0,0,0,0,0,0,0,0,0,0,0,0,0,0,0,0,0,0,0,0,0,0,0,0,0,0,0,0,0
2014-10-01,0.0,0,37766,24330,4786.7855,30,20,93,3,23.53288957575265,MONTH,1,9,11,111,141,1310,1711,2018,2573,2323,2285,2094,1769,1714,1694,1681,1135,646,370,231,138,90,65,48,53,40,27,19,15,7,1,0,0,0,0,0,0,0,0,0,0,0,0,0,0,0,0,0,0,0,0,0,0,0,0,0,0,0,0,0,0,0,0,0,0,11940,9544,1540,558,212,174,97,19,49,4,7,31,4,4,5,24,6,6,13,93,0,0,0,0,0,0,0,0,0,0,0,0,0,0,0,0,0,0,0,0,0,0,0,0,0,0,0,0,0,0,0,0,0,0,0,0,0,0,0,0,0,0,0,0,0,0,0,0,0,0,0,0,0,0,0,0,0,0,0,0,0,0,0,0,0,0,0,0,0,0,0,0,0,0,0,0,0,0,0
2014-11-01,0.0,0,39341,25305,3674.705,31,20,90,4,24.241880022939444,MONTH,1,9,9,82,143,1263,1787,2074,2561,2429,3233,2156,1798,1788,1617,1582,1082,628,377,207,133,81,58,60,41,37,26,17,15,7,3,1,0,0,0,0,0,0,0,0,0,0,0,0,0,0,0,0,0,0,0,0,0,0,0,0,0,0,0,0,0,0,0,0,0,12233,10323,1413,573,193,143,172,11,22,20,33,5,9,5,10,10,26,5,9,90,0,0,0,0,0,0,0,0,0,0,0,0,0,0,0,0,0,0,0,0,0,0,0,0,0,0,0,0,0,0,0,0,0,0,0,0,0,0,0,0,0,0,0,0,0,0,0,0,0,0,0,0,0,0,0,0,0,0,0,0,0,0,0,0,0,0,0,0,0,0,0,0,0,0,0,0,0,0,0
2014-12-01,0.0,0,40481,26037,5195.873,32,21,88,3,21.048749747536252,MONTH,1,10,7,71,140,1235,1786,2024,2581,3442,3333,2411,1757,1730,1531,1416,959,587,331,216,149,98,68,48,38,27,16,10,8,4,1,1,1,0,0,0,0,0,0,0,0,0,0,0,0,0,0,0,0,0,0,0,0,0,0,0,0,0,0,0,0,0,0,0,0,12561,10752,1380,638,206,124,62,42,54,35,15,6,5,4,5,6,34,2,4,14,88,0,0,0,0,0,0,0,0,0,0,0,0,0,0,0,0,0,0,0,0,0,0,0,0,0,0,0,0,0,0,0,0,0,0,0,0,0,0,0,0,0,0,0,0,0,0,0,0,0,0,0,0,0,0,0,0,0,0,0,0,0,0,0,0,0,0,0,0,0,0,0,0,0,0,0,0,0,0
2015-01-01,0.0,0,39667,25917,4820.2235,32,19,99,4,23.524946830708558,MONTH,1,15,7,22,140,1255,1689,2127,2523,2473,3587,3078,1785,1658,1445,1308,971,601,416,258,151,106,85,70,50,36,25,16,9,6,3,0,1,0,0,0,0,0,0,0,0,0,0,0,0,0,0,0,0,0,0,0,0,0,0,0,0,0,0,0,0,0,0,0,0,13107,10137,1357,583,228,154,78,48,18,42,2,1,11,7,9,25,7,4,99,0,0,0,0,0,0,0,0,0,0,0,0,0,0,0,0,0,0,0,0,0,0,0,0,0,0,0,0,0,0,0,0,0,0,0,0,0,0,0,0,0,0,0,0,0,0,0,0,0,0,0,0,0,0,0,0,0,0,0,0,0,0,0,0,0,0,0,0,0,0,0,0,0,0,0,0,0,0,0,0
2015-02-01,0.0,0,17039,13041,3220.311,34,8,23,4,20.531379976396483,MONTH,1,7,9,29,139,934,872,1137,1184,1247,1278,1215,1005,928,717,815,451,311,220,150,102,59,54,42,43,32,25,18,8,4,2,2,0,0,1,0,0,0,0,0,0,0,0,0,0,0,0,0,0,0,0,0,0,0,0,0,0,0,0,0,0,0,0,0,0,8065,4000,551,288,55,41,18,23,0,0,0,0,0,0,0,0,0,0,0,0,0,0,0,0,0,0,0,0,0,0,0,0,0,0,0,0,0,0,0,0,0,0,0,0,0,0,0,0,0,0,0,0,0,0,0,0,0,0,0,0,0,0,0,0,0,0,0,0,0,0,0,0,0,0,0,0,0,0,0,0,0,0,0,0,0,0,0,0,0,0,0,0,0,0,0,0,0,0,0
2015-03-01,0.0,0,14252,11079,4441.48,31,7,26,3,16.540953031409817,MONTH,1,8,10,38,135,1047,931,1104,1013,1194,1188,956,770,642,528,630,300,188,123,89,52,20,24,19,20,16,12,11,5,3,1,1,0,0,0,0,0,0,0,0,0,0,0,0,0,0,0,0,0,0,0,0,0,0,0,0,0,0,0,0,0,0,0,0,0,6623,3716,521,91,63,39,26,0,0,0,0,0,0,0,0,0,0,0,0,0,0,0,0,0,0,0,0,0,0,0,0,0,0,0,0,0,0,0,0,0,0,0,0,0,0,0,0,0,0,0,0,0,0,0,0,0,0,0,0,0,0,0,0,0,0,0,0,0,0,0,0,0,0,0,0,0,0,0,0,0,0,0,0,0,0,0,0,0,0,0,0,0,0,0,0,0,0,0,0
2015-04-01,0.0,0,13957,10922,4617.5875,31,7,20,3,15.569027429292545,MONTH,1,10,13,40,136,1054,888,1109,1056,1178,1184,940,764,613,533,576,270,164,106,82,45,19,21,22,23,20,17,15,11,5,4,3,0,0,0,0,0,0,0,0,0,0,0,0,0,0,0,0,0,0,0,0,0,0,0,0,0,0,0,0,0,0,0,0,0,6592,3616,480,135,37,42,20,0,0,0,0,0,0,0,0,0,0,0,0,0,0,0,0,0,0,0,0,0,0,0,0,0,0,0,0,0,0,0,0,0,0,0,0,0,0,0,0,0,0,0,0,0,0,0,0,0,0,0,0,0,0,0,0,0,0,0,0,0,0,0,0,0,0,0,0,0,0,0,0,0,0,0,0,0,0,0,0,0,0,0,0,0,0,0,0,0,0,0,0
2015-05-01,0.0,0,13989,10870,5032.1035,31,7,29,3,15.962659786503405,MONTH,1,10,13,39,137,1041,887,1078,1136,1385,1048,773,744,596,563,597,278,147,95,68,42,21,17,22,23,33,27,24,11,11,2,1,0,0,0,0,0,0,0,0,0,0,0,0,0,0,0,0,0,0,0,0,0,0,0,0,0,0,0,0,0,0,0,0,0,6535,3650,483,81,56,36,29,0,0,0,0,0,0,0,0,0,0,0,0,0,0,0,0,0,0,0,0,0,0,0,0,0,0,0,0,0,0,0,0,0,0,0,0,0,0,0,0,0,0,0,0,0,0,0,0,0,0,0,0,0,0,0,0,0,0,0,0,0,0,0,0,0,0,0,0,0,0,0,0,0,0,0,0,0,0,0,0,0,0,0,0,0,0,0,0,0,0,0,0
2015-06-01,0.0,0,20810,15748,4848.8805,30,7,43,4,16.583901357987546,MONTH,1,10,12,26,139,1018,890,1197,1324,1655,1414,1096,2338,1742,789,792,438,233,144,130,77,59,40,35,24,31,30,28,18,13,5,0,0,0,0,0,0,0,0,0,0,0,0,0,0,0,0,0,0,0,0,0,0,0,0,0,0,0,0,0,0,0,0,0,0,9010,5815,629,144,70,37,43,0,0,0,0,0,0,0,0,0,0,0,0,0,0,0,0,0,0,0,0,0,0,0,0,0,0,0,0,0,0,0,0,0,0,0,0,0,0,0,0,0,0,0,0,0,0,0,0,0,0,0,0,0,0,0,0,0,0,0,0,0,0,0,0,0,0,0,0,0,0,0,0,0,0,0,0,0,0,0,0,0,0,0,0,0,0,0,0,0,0,0,0
2015-07-01,0.0,0,33294,22119,4654.772,32,14,115,4,19.06240479905612,MONTH,1,41,13,16,141,1126,1144,1467,1702,1887,1880,1644,2851,2368,1422,1327,834,622,401,338,233,137,115,94,81,80,58,41,29,20,4,1,1,0,0,0,0,0,0,0,0,0,0,0,0,0,0,0,0,0,0,0,0,0,0,0,0,0,0,0,0,0,0,0,0,10971,9113,1040,395,243,104,85,18,17,5,1,7,5,115,0,0,0,0,0,0,0,0,0,0,0,0,0,0,0,0,0,0,0,0,0,0,0,0,0,0,0,0,0,0,0,0,0,0,0,0,0,0,0,0,0,0,0,0,0,0,0,0,0,0,0,0,0,0,0,0,0,0,0,0,0,0,0,0,0,0,0,0,0,0,0,0,0,0,0,0,0,0,0,0,0,0,0,0,0
2015-08-01,0.0,0,39522,23293,3560.301,31,23,113,3,17.92090040734608,MONTH,1,12,8,18,148,1133,1151,1525,1806,1842,3222,2670,1734,1604,1568,1488,974,718,497,383,233,139,108,73,66,72,45,22,18,11,3,1,0,0,0,0,0,0,0,0,0,0,0,0,0,0,0,0,0,0,0,0,0,0,0,0,0,0,0,0,0,0,0,0,0,10418,9800,1526,635,250,154,169,52,48,42,18,7,24,4,6,6,5,2,2,1,4,7,113,0,0,0,0,0,0,0,0,0,0,0,0,0,0,0,0,0,0,0,0,0,0,0,0,0,0,0,0,0,0,0,0,0,0,0,0,0,0,0,0,0,0,0,0,0,0,0,0,0,0,0,0,0,0,0,0,0,0,0,0,0,0,0,0,0,0,0,0,0,0,0,0,0,0,0,0
2015-09-01,0.0,0,37558,23063,4775.017,31,20,115,3,19.46767551399036,MONTH,1,14,13,55,142,1109,1212,1484,1836,1900,3293,2733,1656,1535,1513,1365,904,695,521,372,218,131,83,64,57,77,34,20,15,7,3,1,0,0,0,0,0,0,0,0,0,0,0,0,0,0,0,0,0,0,0,0,0,0,0,0,0,0,0,0,0,0,0,0,0,10815,9410,1430,604,188,157,159,45,55,33,7,9,3,1,3,0,4,10,15,115,0,0,0,0,0,0,0,0,0,0,0,0,0,0,0,0,0,0,0,0,0,0,0,0,0,0,0,0,0,0,0,0,0,0,0,0,0,0,0,0,0,0,0,0,0,0,0,0,0,0,0,0,0,0,0,0,0,0,0,0,0,0,0,0,0,0,0,0,0,0,0,0,0,0,0,0,0,0,0
2015-10-01,0.0,0,39433,24067,4386.7785,30,19,111,3,20.047222293378944,MONTH,1,9,14,133,151,930,1452,1562,1916,1939,3430,2858,1858,1685,1625,1419,970,635,456,329,201,159,82,63,56,46,41,23,15,5,4,0,0,0,0,0,0,0,0,0,0,0,0,0,0,0,0,0,0,0,0,0,0,0,0,0,0,0,0,0,0,0,0,0,0,10636,10458,1544,610,222,176,154,60,54,2,1,4,1,5,3,5,4,17,111,0,0,0,0,0,0,0,0,0,0,0,0,0,0,0,0,0,0,0,0,0,0,0,0,0,0,0,0,0,0,0,0,0,0,0,0,0,0,0,0,0,0,0,0,0,0,0,0,0,0,0,0,0,0,0,0,0,0,0,0,0,0,0,0,0,0,0,0,0,0,0,0,0,0,0,0,0,0,0,0
2015-11-01,0.0,0,36994,22588,4494.5095,30,20,95,4,20.32398771450095,MONTH,1,9,18,118,141,500,1710,1477,1830,1741,2913,2825,1606,1590,1538,1356,877,643,486,330,235,182,118,109,82,73,46,16,12,5,1,0,0,0,0,0,0,0,0,0,0,0,0,0,0,0,0,0,0,0,0,0,0,0,0,0,0,0,0,0,0,0,0,0,0,10567,9265,1338,566,168,219,163,92,26,7,29,1,4,3,2,3,4,10,26,95,0,0,0,0,0,0,0,0,0,0,0,0,0,0,0,0,0,0,0,0,0,0,0,0,0,0,0,0,0,0,0,0,0,0,0,0,0,0,0,0,0,0,0,0,0,0,0,0,0,0,0,0,0,0,0,0,0,0,0,0,0,0,0,0,0,0,0,0,0,0,0,0,0,0,0,0,0,0,0
2015-12-01,0.0,0,35396,22821,3923.031,36,9,61,3,19.46675478761437,MONTH,1,12,15,111,151,499,1822,1671,1860,2017,2161,2886,1687,1715,1421,1342,1000,690,500,364,292,140,140,70,88,46,40,34,16,18,8,1,1,1,0,0,1,0,0,0,0,0,0,0,0,0,0,0,0,0,0,0,0,0,0,0,0,0,0,0,0,0,0,0,0,10428,9631,1414,627,155,181,191,133,61,0,0,0,0,0,0,0,0,0,0,0,0,0,0,0,0,0,0,0,0,0,0,0,0,0,0,0,0,0,0,0,0,0,0,0,0,0,0,0,0,0,0,0,0,0,0,0,0,0,0,0,0,0,0,0,0,0,0,0,0,0,0,0,0,0,0,0,0,0,0,0,0,0,0,0,0,0,0,0,0,0,0,0,0,0,0,0,0,0,0
2016-01-01,0.0,0,34958,21864,4870.1875,36,13,87,3,19.49481304015758,MONTH,1,28,16,67,147,494,1778,1640,1721,1702,1937,1900,1683,2649,1331,1247,933,708,503,401,312,174,151,68,68,34,32,42,38,29,18,7,3,1,0,0,1,0,0,0,0,0,0,0,0,0,0,0,0,0,0,0,0,0,0,0,0,0,0,0,0,0,0,0,0,10181,9044,1293,547,185,169,128,58,48,37,14,73,87,0,0,0,0,0,0,0,0,0,0,0,0,0,0,0,0,0,0,0,0,0,0,0,0,0,0,0,0,0,0,0,0,0,0,0,0,0,0,0,0,0,0,0,0,0,0,0,0,0,0,0,0,0,0,0,0,0,0,0,0,0,0,0,0,0,0,0,0,0,0,0,0,0,0,0,0,0,0,0,0,0,0,0,0,0,0
2016-02-01,0.0,0,34699,22007,4909.7345,55,21,109,4,21.80754166136083,MONTH,1,21,21,83,151,503,1958,1381,1632,1544,1983,1893,1620,2747,1453,1314,927,765,568,434,302,211,124,120,74,40,39,35,17,18,8,13,6,0,0,0,0,0,0,0,0,0,0,0,0,0,0,0,0,0,0,0,0,0,0,1,0,0,0,0,0,0,0,0,0,10659,8964,1199,531,148,128,97,72,18,31,5,5,4,1,3,2,1,4,7,19,109,0,0,0,0,0,0,0,0,0,0,0,0,0,0,0,0,0,0,0,0,0,0,0,0,0,0,0,0,0,0,0,0,0,0,0,0,0,0,0,0,0,0,0,0,0,0,0,0,0,0,0,0,0,0,0,0,0,0,0,0,0,0,0,0,0,0,0,0,0,0,0,0,0,0,0,0,0,0
2016-03-01,0.0,0,35573,22250,5207.156,32,24,125,3,21.094946203863064,MONTH,1,9,23,183,153,485,1993,1271,1629,1649,1951,1856,1611,2787,1399,1374,1076,806,592,432,338,196,136,97,78,40,30,24,12,9,5,3,2,0,0,0,0,0,0,0,0,0,0,0,0,0,0,0,0,0,0,0,0,0,0,0,0,0,0,0,0,0,0,0,0,10668,9135,1262,488,182,127,80,81,34,22,16,3,4,4,1,0,3,1,1,1,5,0,7,125,0,0,0,0,0,0,0,0,0,0,0,0,0,0,0,0,0,0,0,0,0,0,0,0,0,0,0,0,0,0,0,0,0,0,0,0,0,0,0,0,0,0,0,0,0,0,0,0,0,0,0,0,0,0,0,0,0,0,0,0,0,0,0,0,0,0,0,0,0,0,0,0,0,0,0
2016-04-01,0.0,0,32184,20644,4606.3175,35,21,110,4,24.957605123002732,MONTH,1,9,24,148,179,489,1718,1160,1434,1464,1823,1801,1582,2504,1334,1208,951,740,590,441,326,221,147,110,92,50,37,24,14,12,8,2,0,0,0,1,0,0,0,0,0,0,0,0,0,0,0,0,0,0,0,0,0,0,0,0,0,0,0,0,0,0,0,0,0,10883,7534,1032,476,176,157,87,83,56,10,1,2,1,2,1,2,2,1,14,14,110,0,0,0,0,0,0,0,0,0,0,0,0,0,0,0,0,0,0,0,0,0,0,0,0,0,0,0,0,0,0,0,0,0,0,0,0,0,0,0,0,0,0,0,0,0,0,0,0,0,0,0,0,0,0,0,0,0,0,0,0,0,0,0,0,0,0,0,0,0,0,0,0,0,0,0,0,0,0
2016-05-01,0.0,0,33509,20496,4499.836,47,20,111,3,19.695076881526848,MONTH,1,9,73,195,449,1919,1239,1434,1506,2298,2005,1633,1597,1400,1208,927,754,522,390,312,231,126,106,69,34,19,17,8,5,4,4,0,0,0,0,0,0,0,0,0,0,0,0,0,0,0,1,1,0,0,0,0,0,0,0,0,0,0,0,0,0,0,0,0,0,9841,7992,1327,550,237,116,83,90,43,32,37,5,1,0,2,3,4,4,18,111,0,0,0,0,0,0,0,0,0,0,0,0,0,0,0,0,0,0,0,0,0,0,0,0,0,0,0,0,0,0,0,0,0,0,0,0,0,0,0,0,0,0,0,0,0,0,0,0,0,0,0,0,0,0,0,0,0,0,0,0,0,0,0,0,0,0,0,0,0,0,0,0,0,0,0,0,0,0,0
2016-06-01,0.0,0,39630,23223,4770.147,50,20,118,3,18.3060162317859,MONTH,1,7,39,187,444,1962,1264,1433,1643,2686,2157,1797,1934,2562,1390,1009,815,559,420,313,204,123,112,69,56,27,6,2,1,0,0,0,0,0,0,0,0,0,0,0,0,0,0,0,0,0,0,0,0,0,1,0,0,0,0,0,0,0,0,0,0,0,0,0,0,10793,9557,1390,566,258,99,85,76,26,42,19,23,123,5,8,13,8,7,7,118,0,0,0,0,0,0,0,0,0,0,0,0,0,0,0,0,0,0,0,0,0,0,0,0,0,0,0,0,0,0,0,0,0,0,0,0,0,0,0,0,0,0,0,0,0,0,0,0,0,0,0,0,0,0,0,0,0,0,0,0,0,0,0,0,0,0,0,0,0,0,0,0,0,0,0,0,0,0,0
2016-07-01,0.0,0,39507,23090,5058.67,58,19,112,3,17.965086424474247,MONTH,1,8,36,189,454,1935,1198,1492,1610,2682,2149,1810,1873,2669,1256,986,708,542,412,330,249,170,134,81,68,23,11,3,3,3,0,0,0,0,1,0,1,0,0,0,0,1,0,0,0,0,0,1,0,0,0,0,0,0,0,0,0,0,1,0,0,0,0,0,0,10786,9219,1567,517,254,105,206,37,71,26,18,114,8,6,2,21,11,10,112,0,0,0,0,0,0,0,0,0,0,0,0,0,0,0,0,0,0,0,0,0,0,0,0,0,0,0,0,0,0,0,0,0,0,0,0,0,0,0,0,0,0,0,0,0,0,0,0,0,0,0,0,0,0,0,0,0,0,0,0,0,0,0,0,0,0,0,0,0,0,0,0,0,0,0,0,0,0,0,0
2016-08-01,0.0,0,41801,23524,5197.5965,48,22,116,3,17.946873573262874,MONTH,1,9,28,192,441,1878,1211,1576,1663,2578,2298,1779,1951,1831,1274,1139,910,790,541,489,331,196,155,88,114,27,13,10,6,2,1,1,0,0,0,0,0,0,0,0,0,0,0,0,0,0,0,0,1,0,0,0,0,0,0,0,0,0,0,0,0,0,0,0,0,10628,9525,1773,534,228,242,78,32,55,65,31,34,13,12,37,79,7,8,1,21,5,116,0,0,0,0,0,0,0,0,0,0,0,0,0,0,0,0,0,0,0,0,0,0,0,0,0,0,0,0,0,0,0,0,0,0,0,0,0,0,0,0,0,0,0,0,0,0,0,0,0,0,0,0,0,0,0,0,0,0,0,0,0,0,0,0,0,0,0,0,0,0,0,0,0,0,0,0,0
2016-09-01,0.0,0,39959,21382,5287.9055,59,25,129,3,21.2356992427127,MONTH,1,7,23,192,456,1722,1138,1390,1478,2433,2222,1626,1699,1588,1102,1021,823,648,520,504,285,210,109,77,56,24,13,5,2,2,1,0,1,0,0,0,0,0,1,0,0,0,0,0,0,0,0,0,0,1,1,0,0,0,0,0,0,0,0,1,0,0,0,0,0,10316,8055,1610,497,209,76,77,33,22,40,29,18,14,10,16,18,34,10,25,108,17,4,7,8,129,0,0,0,0,0,0,0,0,0,0,0,0,0,0,0,0,0,0,0,0,0,0,0,0,0,0,0,0,0,0,0,0,0,0,0,0,0,0,0,0,0,0,0,0,0,0,0,0,0,0,0,0,0,0,0,0,0,0,0,0,0,0,0,0,0,0,0,0,0,0,0,0,0,0
2016-10-01,0.0,0,35652,21346,4415.651,39,17,161,3,19.51481532973939,MONTH,1,9,23,309,488,1832,1172,1471,1572,2599,2251,1657,1728,1425,966,845,696,566,491,444,291,189,117,78,61,29,17,9,4,3,2,0,0,0,0,0,0,0,0,1,0,0,0,0,0,0,0,0,0,0,0,0,0,0,0,0,0,0,0,0,0,0,0,0,0,10671,8200,1317,339,220,108,55,43,32,32,32,35,23,13,10,55,161,0,0,0,0,0,0,0,0,0,0,0,0,0,0,0,0,0,0,0,0,0,0,0,0,0,0,0,0,0,0,0,0,0,0,0,0,0,0,0,0,0,0,0,0,0,0,0,0,0,0,0,0,0,0,0,0,0,0,0,0,0,0,0,0,0,0,0,0,0,0,0,0,0,0,0,0,0,0,0,0,0,0
2016-11-01,0.0,0,38477,21700,4721.5575,30,19,229,3,19.052505566073386,MONTH,1,10,22,281,499,2041,1277,1532,1699,2687,2421,1717,1834,1215,1024,721,674,543,427,419,225,149,90,79,44,30,25,6,3,3,2,0,0,0,0,0,0,0,0,0,0,0,0,0,0,0,0,0,0,0,0,0,0,0,0,0,0,0,0,0,0,0,0,0,0,10712,8329,1344,506,166,84,30,43,14,18,30,14,18,19,34,39,33,38,229,0,0,0,0,0,0,0,0,0,0,0,0,0,0,0,0,0,0,0,0,0,0,0,0,0,0,0,0,0,0,0,0,0,0,0,0,0,0,0,0,0,0,0,0,0,0,0,0,0,0,0,0,0,0,0,0,0,0,0,0,0,0,0,0,0,0,0,0,0,0,0,0,0,0,0,0,0,0,0,0
2016-12-01,0.0,0,36541,20214,4916.4195,55,19,224,3,18.595193873119868,MONTH,1,12,22,240,467,1988,1233,1434,1617,2376,2460,1601,1778,1092,830,640,538,453,382,393,232,121,90,73,46,34,25,16,10,6,2,0,0,0,0,0,0,0,0,1,0,0,0,0,0,0,0,0,0,0,0,0,0,0,0,1,0,0,0,0,0,0,0,0,0,10017,7753,1120,432,197,127,26,22,21,27,9,12,22,14,34,55,49,53,224,0,0,0,0,0,0,0,0,0,0,0,0,0,0,0,0,0,0,0,0,0,0,0,0,0,0,0,0,0,0,0,0,0,0,0,0,0,0,0,0,0,0,0,0,0,0,0,0,0,0,0,0,0,0,0,0,0,0,0,0,0,0,0,0,0,0,0,0,0,0,0,0,0,0,0,0,0,0,0,0
2017-01-01,0.0,0,34018,19421,4299.0775,31,19,221,3,18.759502648060167,MONTH,1,12,22,203,467,2001,1245,1365,1558,2246,2261,1646,1674,1041,823,550,489,523,352,386,221,114,82,49,34,18,18,11,2,5,1,1,0,0,0,0,0,0,0,0,0,0,0,0,0,0,0,0,0,0,0,0,0,0,0,0,0,0,0,0,0,0,0,0,0,10119,7096,1001,435,149,74,28,35,20,16,20,22,17,26,24,25,76,17,221,0,0,0,0,0,0,0,0,0,0,0,0,0,0,0,0,0,0,0,0,0,0,0,0,0,0,0,0,0,0,0,0,0,0,0,0,0,0,0,0,0,0,0,0,0,0,0,0,0,0,0,0,0,0,0,0,0,0,0,0,0,0,0,0,0,0,0,0,0,0,0,0,0,0,0,0,0,0,0,0
2017-02-01,0.0,0,25931,17084,4283.194,30,14,170,5,26.173064730167997,MONTH,1,25,22,222,449,1645,1120,1256,1417,1976,1843,1346,1505,928,793,529,472,430,344,342,182,96,61,35,27,11,4,1,0,1,1,0,0,0,0,0,0,0,0,0,0,0,0,0,0,0,0,0,0,0,0,0,0,0,0,0,0,0,0,0,0,0,0,0,0,10246,5528,487,266,62,64,52,42,39,18,28,40,42,170,0,0,0,0,0,0,0,0,0,0,0,0,0,0,0,0,0,0,0,0,0,0,0,0,0,0,0,0,0,0,0,0,0,0,0,0,0,0,0,0,0,0,0,0,0,0,0,0,0,0,0,0,0,0,0,0,0,0,0,0,0,0,0,0,0,0,0,0,0,0,0,0,0,0,0,0,0,0,0,0,0,0,0,0,0
2017-03-01,0.0,0,10713,9030,3364.944,28,5,91,10,40.5637261606895,MONTH,1,1,58,18,163,312,887,683,747,808,955,816,640,603,521,384,314,339,248,157,127,113,61,37,18,11,4,3,1,0,0,0,0,0,0,0,0,0,0,0,0,0,0,0,0,0,0,0,0,0,0,0,0,0,0,0,0,0,0,0,0,0,0,0,0,7043,1555,184,157,91,0,0,0,0,0,0,0,0,0,0,0,0,0,0,0,0,0,0,0,0,0,0,0,0,0,0,0,0,0,0,0,0,0,0,0,0,0,0,0,0,0,0,0,0,0,0,0,0,0,0,0,0,0,0,0,0,0,0,0,0,0,0,0,0,0,0,0,0,0,0,0,0,0,0,0,0,0,0,0,0,0,0,0,0,0,0,0,0,0,0,0,0,0,0
2017-04-01,0.0,0,22227,15633,4318.779,29,9,38,6,25.005302682163634,MONTH,1,1,102,21,250,432,1486,1082,1226,1377,1775,1530,1147,1046,845,670,591,719,390,296,237,187,78,54,38,25,14,4,5,4,0,0,0,0,0,0,0,0,0,0,0,0,0,0,0,0,0,0,0,0,0,0,0,0,0,0,0,0,0,0,0,0,0,0,0,9271,5119,500,225,107,67,92,214,38,0,0,0,0,0,0,0,0,0,0,0,0,0,0,0,0,0,0,0,0,0,0,0,0,0,0,0,0,0,0,0,0,0,0,0,0,0,0,0,0,0,0,0,0,0,0,0,0,0,0,0,0,0,0,0,0,0,0,0,0,0,0,0,0,0,0,0,0,0,0,0,0,0,0,0,0,0,0,0,0,0,0,0,0,0,0,0,0,0,0
2017-05-01,0.0,0,21377,15579,4742.5405,31,7,202,6,23.346268808152374,MONTH,1,1,25,22,197,454,1532,1119,1337,1405,1835,1507,1148,993,770,576,582,736,359,311,236,185,119,49,38,25,12,3,0,0,1,1,0,0,0,0,0,0,0,0,0,0,0,0,0,0,0,0,0,0,0,0,0,0,0,0,0,0,0,0,0,0,0,0,0,9319,5041,489,282,143,103,202,0,0,0,0,0,0,0,0,0,0,0,0,0,0,0,0,0,0,0,0,0,0,0,0,0,0,0,0,0,0,0,0,0,0,0,0,0,0,0,0,0,0,0,0,0,0,0,0,0,0,0,0,0,0,0,0,0,0,0,0,0,0,0,0,0,0,0,0,0,0,0,0,0,0,0,0,0,0,0,0,0,0,0,0,0,0,0,0,0,0,0,0
2017-06-01,0.0,0,20469,14726,2748.2585,29,9,48,6,25.31088688739058,MONTH,1,1,29,20,188,437,1494,1006,1280,1301,1683,1370,1099,921,707,567,556,732,353,283,236,225,110,50,34,28,10,2,2,1,0,0,0,0,0,0,0,0,0,0,0,0,0,0,0,0,0,0,0,0,0,0,0,0,0,0,0,0,0,0,0,0,0,0,0,8959,4651,451,189,143,94,182,9,48,0,0,0,0,0,0,0,0,0,0,0,0,0,0,0,0,0,0,0,0,0,0,0,0,0,0,0,0,0,0,0,0,0,0,0,0,0,0,0,0,0,0,0,0,0,0,0,0,0,0,0,0,0,0,0,0,0,0,0,0,0,0,0,0,0,0,0,0,0,0,0,0,0,0,0,0,0,0,0,0,0,0,0,0,0,0,0,0,0,0
2017-07-01,0.0,0,20613,15183,4956.231,31,7,178,6,23.483910363391566,MONTH,1,1,34,23,197,471,1547,998,1271,1372,1695,1361,1111,989,869,592,533,671,389,339,266,216,124,46,27,18,11,6,2,1,1,1,0,0,0,0,0,0,0,0,0,0,0,0,0,0,0,0,0,0,0,0,0,0,0,0,0,0,0,0,0,0,0,0,0,9152,4948,514,176,131,84,178,0,0,0,0,0,0,0,0,0,0,0,0,0,0,0,0,0,0,0,0,0,0,0,0,0,0,0,0,0,0,0,0,0,0,0,0,0,0,0,0,0,0,0,0,0,0,0,0,0,0,0,0,0,0,0,0,0,0,0,0,0,0,0,0,0,0,0,0,0,0,0,0,0,0,0,0,0,0,0,0,0,0,0,0,0,0,0,0,0,0,0,0
2017-08-01,0.0,0,23099,16543,4978.5755,36,8,35,5,24.598679008721724,MONTH,1,1,23,23,199,522,1596,1068,1648,1517,1816,1670,1154,1047,802,768,683,500,433,318,262,207,122,53,32,30,18,13,7,5,2,1,0,0,0,0,2,0,0,0,0,0,0,0,0,0,0,0,0,0,0,0,0,0,0,0,0,0,0,0,0,0,0,0,0,9889,5277,604,300,142,67,229,35,0,0,0,0,0,0,0,0,0,0,0,0,0,0,0,0,0,0,0,0,0,0,0,0,0,0,0,0,0,0,0,0,0,0,0,0,0,0,0,0,0,0,0,0,0,0,0,0,0,0,0,0,0,0,0,0,0,0,0,0,0,0,0,0,0,0,0,0,0,0,0,0,0,0,0,0,0,0,0,0,0,0,0,0,0,0,0,0,0,0,0
2017-09-01,0.0,0,21958,16196,3735.397,35,8,30,6,27.89033581358043,MONTH,1,1,17,22,214,493,1565,1031,1274,1465,1796,1476,1220,1071,890,855,720,783,357,273,211,209,123,39,28,23,12,10,7,3,2,1,1,1,1,1,0,0,0,0,0,0,0,0,0,0,0,0,0,0,0,0,0,0,0,0,0,0,0,0,0,0,0,0,0,9457,5387,694,291,163,171,3,30,0,0,0,0,0,0,0,0,0,0,0,0,0,0,0,0,0,0,0,0,0,0,0,0,0,0,0,0,0,0,0,0,0,0,0,0,0,0,0,0,0,0,0,0,0,0,0,0,0,0,0,0,0,0,0,0,0,0,0,0,0,0,0,0,0,0,0,0,0,0,0,0,0,0,0,0,0,0,0,0,0,0,0,0,0,0,0,0,0,0,0
2017-10-01,0.0,0,23287,16890,3755.52,32,9,56,6,31.824771774330934,MONTH,1,1,172,23,326,501,1523,1054,1239,1457,1801,1505,1342,1090,907,844,756,864,397,321,216,249,120,57,32,29,21,15,10,8,6,2,1,0,0,0,0,0,0,0,0,0,0,0,0,0,0,0,0,0,0,0,0,0,0,0,0,0,0,0,0,0,0,0,0,10178,5473,542,233,131,68,73,136,56,0,0,0,0,0,0,0,0,0,0,0,0,0,0,0,0,0,0,0,0,0,0,0,0,0,0,0,0,0,0,0,0,0,0,0,0,0,0,0,0,0,0,0,0,0,0,0,0,0,0,0,0,0,0,0,0,0,0,0,0,0,0,0,0,0,0,0,0,0,0,0,0,0,0,0,0,0,0,0,0,0,0,0,0,0,0,0,0,0,0
2017-11-01,0.0,0,23264,16534,3412.1075,40,11,55,6,30.622514210478528,MONTH,1,1,79,22,260,493,1363,953,1254,1423,1704,1492,1314,1163,967,856,865,910,437,294,206,190,85,52,72,27,24,9,7,5,2,1,1,1,0,0,0,0,0,0,1,0,0,0,0,0,0,0,0,0,0,0,0,0,0,0,0,0,0,0,0,0,0,0,0,10027,5312,501,207,100,101,57,13,24,137,55,0,0,0,0,0,0,0,0,0,0,0,0,0,0,0,0,0,0,0,0,0,0,0,0,0,0,0,0,0,0,0,0,0,0,0,0,0,0,0,0,0,0,0,0,0,0,0,0,0,0,0,0,0,0,0,0,0,0,0,0,0,0,0,0,0,0,0,0,0,0,0,0,0,0,0,0,0,0,0,0,0,0,0,0,0,0,0,0
2017-12-01,0.0,0,18546,14149,4837.789,31,8,31,8,35.992500313833716,MONTH,1,1,86,22,247,426,976,914,1231,1322,1422,1277,1106,980,772,698,689,744,369,287,184,174,64,44,53,20,20,8,5,4,2,1,0,0,0,0,0,0,0,0,0,0,0,0,0,0,0,0,0,0,0,0,0,0,0,0,0,0,0,0,0,0,0,0,0,9427,3858,321,144,131,193,44,31,0,0,0,0,0,0,0,0,0,0,0,0,0,0,0,0,0,0,0,0,0,0,0,0,0,0,0,0,0,0,0,0,0,0,0,0,0,0,0,0,0,0,0,0,0,0,0,0,0,0,0,0,0,0,0,0,0,0,0,0,0,0,0,0,0,0,0,0,0,0,0,0,0,0,0,0,0,0,0,0,0,0,0,0,0,0,0,0,0,0,0
2018-01-01,0.0,0,26827,18168,4477.9005,51,14,168,6,29.198307754256813,MONTH,1,1,50,22,244,492,1169,1150,1377,1573,1713,1593,1356,1281,1078,959,895,1116,592,489,355,270,121,73,62,50,28,19,13,10,7,4,3,0,0,0,0,0,0,0,1,0,0,0,0,0,0,0,0,0,0,1,0,0,0,0,0,0,0,0,0,0,0,0,0,10738,5939,667,243,150,76,30,74,15,24,26,14,4,168,0,0,0,0,0,0,0,0,0,0,0,0,0,0,0,0,0,0,0,0,0,0,0,0,0,0,0,0,0,0,0,0,0,0,0,0,0,0,0,0,0,0,0,0,0,0,0,0,0,0,0,0,0,0,0,0,0,0,0,0,0,0,0,0,0,0,0,0,0,0,0,0,0,0,0,0,0,0,0,0,0,0,0,0,0
2018-02-01,0.0,0,27581,18160,4144.0555,45,17,142,7,33.21078133636798,MONTH,1,1,76,23,230,450,1053,1131,1365,1505,1567,1524,1327,1279,1086,886,930,1200,803,567,355,299,186,91,66,55,33,16,13,13,15,7,3,0,1,1,0,0,1,0,0,0,0,0,0,1,0,0,0,0,0,0,0,0,0,0,0,0,0,0,0,0,0,0,0,11011,5563,729,261,93,52,43,91,65,16,17,11,5,46,3,12,142,0,0,0,0,0,0,0,0,0,0,0,0,0,0,0,0,0,0,0,0,0,0,0,0,0,0,0,0,0,0,0,0,0,0,0,0,0,0,0,0,0,0,0,0,0,0,0,0,0,0,0,0,0,0,0,0,0,0,0,0,0,0,0,0,0,0,0,0,0,0,0,0,0,0,0,0,0,0,0,0,0,0
2018-03-01,0.0,0,28229,19172,3813.4195,56,14,146,6,32.43113888474178,MONTH,1,1,173,22,329,490,1027,1235,1547,1553,1661,1563,1430,1340,1147,1002,967,1217,753,579,460,296,160,74,42,30,20,9,10,14,12,3,1,0,0,0,0,1,0,1,0,0,0,0,0,0,0,0,0,1,0,0,0,0,0,0,1,0,0,0,0,0,0,0,0,11479,6021,786,318,128,65,54,19,21,21,66,9,39,146,0,0,0,0,0,0,0,0,0,0,0,0,0,0,0,0,0,0,0,0,0,0,0,0,0,0,0,0,0,0,0,0,0,0,0,0,0,0,0,0,0,0,0,0,0,0,0,0,0,0,0,0,0,0,0,0,0,0,0,0,0,0,0,0,0,0,0,0,0,0,0,0,0,0,0,0,0,0,0,0,0,0,0,0,0
2018-04-01,0.0,0,27475,20234,3944.5705,55,12,30,6,31.054810168515093,MONTH,1,1,76,21,274,489,1053,1322,1765,1595,1843,1710,1593,1533,1177,1077,1064,1349,728,536,429,244,156,65,36,22,31,11,7,9,8,4,2,0,0,0,0,1,0,0,0,1,0,0,0,0,0,0,0,0,0,0,0,0,0,1,0,0,0,0,0,0,0,0,0,12243,6462,654,424,128,109,168,9,2,0,5,30,0,0,0,0,0,0,0,0,0,0,0,0,0,0,0,0,0,0,0,0,0,0,0,0,0,0,0,0,0,0,0,0,0,0,0,0,0,0,0,0,0,0,0,0,0,0,0,0,0,0,0,0,0,0,0,0,0,0,0,0,0,0,0,0,0,0,0,0,0,0,0,0,0,0,0,0,0,0,0,0,0,0,0,0,0,0,0
2018-05-01,0.0,0,21838,17094,4980.802,53,7,72,8,36.77240694415613,MONTH,1,1,45,24,217,482,986,1270,1725,1416,1726,1533,1340,1408,890,811,724,926,503,386,279,175,109,32,23,22,18,8,3,3,2,1,2,0,0,0,0,0,0,0,0,0,0,0,0,0,0,1,0,0,0,0,1,1,0,0,0,0,0,0,0,0,0,0,0,11240,4753,536,315,95,83,72,0,0,0,0,0,0,0,0,0,0,0,0,0,0,0,0,0,0,0,0,0,0,0,0,0,0,0,0,0,0,0,0,0,0,0,0,0,0,0,0,0,0,0,0,0,0,0,0,0,0,0,0,0,0,0,0,0,0,0,0,0,0,0,0,0,0,0,0,0,0,0,0,0,0,0,0,0,0,0,0,0,0,0,0,0,0,0,0,0,0,0,0
2018-06-01,0.0,0,28255,21076,4754.353,34,9,41,6,34.82743713007067,MONTH,1,1,33,22,225,567,1213,1515,2035,1676,1982,1841,1674,2160,1212,1058,960,970,653,479,302,181,125,59,32,34,20,16,10,6,6,3,2,2,1,0,0,0,0,0,0,0,0,0,0,0,0,0,0,0,0,0,0,0,0,0,0,0,0,0,0,0,0,0,0,12701,6717,905,312,277,69,51,3,41,0,0,0,0,0,0,0,0,0,0,0,0,0,0,0,0,0,0,0,0,0,0,0,0,0,0,0,0,0,0,0,0,0,0,0,0,0,0,0,0,0,0,0,0,0,0,0,0,0,0,0,0,0,0,0,0,0,0,0,0,0,0,0,0,0,0,0,0,0,0,0,0,0,0,0,0,0,0,0,0,0,0,0,0,0,0,0,0,0,0
2018-07-01,0.0,0,26721,20582,4373.729,58,9,33,6,31.499947004132245,MONTH,1,1,18,21,201,544,1202,1598,1961,1574,1783,1598,1446,2079,1145,1041,1037,980,885,594,390,222,92,109,31,13,5,2,0,0,1,2,1,1,0,0,0,0,0,0,0,1,0,0,0,0,0,0,1,0,0,0,0,0,0,0,1,0,1,0,0,0,0,0,0,12591,6680,730,315,159,45,24,5,33,0,0,0,0,0,0,0,0,0,0,0,0,0,0,0,0,0,0,0,0,0,0,0,0,0,0,0,0,0,0,0,0,0,0,0,0,0,0,0,0,0,0,0,0,0,0,0,0,0,0,0,0,0,0,0,0,0,0,0,0,0,0,0,0,0,0,0,0,0,0,0,0,0,0,0,0,0,0,0,0,0,0,0,0,0,0,0,0,0,0
2018-08-01,0.0,0,25998,20636,4623.452,59,7,54,6,30.54553266296804,MONTH,1,1,26,22,198,546,1103,1771,2115,1660,2073,1894,1686,2236,1060,974,840,709,584,412,321,177,71,89,26,20,8,5,0,0,1,1,2,0,1,1,0,0,0,0,0,0,1,0,0,0,0,0,0,0,0,0,0,0,0,0,0,0,0,1,0,0,0,0,0,13133,6376,680,286,46,61,54,0,0,0,0,0,0,0,0,0,0,0,0,0,0,0,0,0,0,0,0,0,0,0,0,0,0,0,0,0,0,0,0,0,0,0,0,0,0,0,0,0,0,0,0,0,0,0,0,0,0,0,0,0,0,0,0,0,0,0,0,0,0,0,0,0,0,0,0,0,0,0,0,0,0,0,0,0,0,0,0,0,0,0,0,0,0,0,0,0,0,0,0
2018-09-01,0.0,0,28890,22638,4096.862,53,6,70,7,33.60894239749243,MONTH,1,1,151,23,331,530,1113,1692,2015,1717,1993,1733,1730,2478,1130,1039,1064,1035,1000,684,496,335,157,110,29,25,10,4,3,1,2,1,1,0,0,1,1,1,0,0,0,0,0,0,0,0,0,0,0,0,0,0,0,1,0,0,0,0,0,0,0,0,0,0,0,14187,7076,916,287,102,70,0,0,0,0,0,0,0,0,0,0,0,0,0,0,0,0,0,0,0,0,0,0,0,0,0,0,0,0,0,0,0,0,0,0,0,0,0,0,0,0,0,0,0,0,0,0,0,0,0,0,0,0,0,0,0,0,0,0,0,0,0,0,0,0,0,0,0,0,0,0,0,0,0,0,0,0,0,0,0,0,0,0,0,0,0,0,0,0,0,0,0,0,0
2018-10-01,0.0,0,28239,21653,4824.919,59,6,61,6,33.81244220890411,MONTH,1,1,109,21,294,522,1037,1633,1974,1644,1672,1554,1863,2374,1291,1246,1205,1063,907,545,324,145,82,85,19,13,9,3,4,2,1,3,2,1,0,0,0,0,0,0,0,0,0,1,0,1,0,0,0,0,0,0,0,0,0,1,0,0,0,1,0,0,0,0,0,13318,6924,855,388,107,61,0,0,0,0,0,0,0,0,0,0,0,0,0,0,0,0,0,0,0,0,0,0,0,0,0,0,0,0,0,0,0,0,0,0,0,0,0,0,0,0,0,0,0,0,0,0,0,0,0,0,0,0,0,0,0,0,0,0,0,0,0,0,0,0,0,0,0,0,0,0,0,0,0,0,0,0,0,0,0,0,0,0,0,0,0,0,0,0,0,0,0,0,0
2018-11-01,0.0,0,25422,20193,4124.895,44,6,16,7,36.46253747741224,MONTH,1,1,219,22,358,461,934,1517,1987,1498,1494,1433,1784,2317,1144,1016,1005,962,816,531,330,147,74,93,24,8,2,4,3,2,2,1,0,1,0,0,1,0,0,0,0,0,0,0,1,0,0,0,0,0,0,0,0,0,0,0,0,0,0,0,0,0,0,0,0,12962,6110,708,284,113,16,0,0,0,0,0,0,0,0,0,0,0,0,0,0,0,0,0,0,0,0,0,0,0,0,0,0,0,0,0,0,0,0,0,0,0,0,0,0,0,0,0,0,0,0,0,0,0,0,0,0,0,0,0,0,0,0,0,0,0,0,0,0,0,0,0,0,0,0,0,0,0,0,0,0,0,0,0,0,0,0,0,0,0,0,0,0,0,0,0,0,0,0,0
2018-12-01,0.0,0,27717,21599,4940.606,53,8,16,7,32.36683107795902,MONTH,1,1,10,21,183,436,942,1528,1977,1599,1606,1526,1845,2578,1350,1128,1119,1116,1025,763,431,180,100,80,27,12,2,0,0,2,1,1,1,1,0,1,0,0,0,1,0,0,0,0,0,0,1,1,0,0,0,1,1,1,0,0,0,0,0,0,0,0,0,0,0,13260,6946,835,337,117,88,0,16,0,0,0,0,0,0,0,0,0,0,0,0,0,0,0,0,0,0,0,0,0,0,0,0,0,0,0,0,0,0,0,0,0,0,0,0,0,0,0,0,0,0,0,0,0,0,0,0,0,0,0,0,0,0,0,0,0,0,0,0,0,0,0,0,0,0,0,0,0,0,0,0,0,0,0,0,0,0,0,0,0,0,0,0,0,0,0,0,0,0,0
2019-01-01,0.0,0,29210,22540,4281.0745,49,8,16,7,33.50126125356122,MONTH,1,1,11,22,192,445,968,1551,1878,1601,1621,1599,1891,2758,1357,1208,1249,1301,1176,796,468,215,117,51,25,17,3,3,2,4,1,0,2,0,2,0,0,0,2,0,0,0,0,0,0,0,0,0,1,1,0,0,0,0,0,0,0,0,0,0,0,0,0,0,0,13837,7229,828,379,170,81,0,16,0,0,0,0,0,0,0,0,0,0,0,0,0,0,0,0,0,0,0,0,0,0,0,0,0,0,0,0,0,0,0,0,0,0,0,0,0,0,0,0,0,0,0,0,0,0,0,0,0,0,0,0,0,0,0,0,0,0,0,0,0,0,0,0,0,0,0,0,0,0,0,0,0,0,0,0,0,0,0,0,0,0,0,0,0,0,0,0,0,0,0
2019-02-01,0.0,0,27028,21028,4646.037,36,6,102,7,35.40711559698819,MONTH,1,1,20,22,179,410,916,1539,1767,1530,1917,1462,1406,2455,1240,1079,1083,1194,1089,807,490,192,121,62,22,6,7,4,4,1,0,0,1,0,0,0,1,0,0,0,0,0,0,0,0,0,0,0,0,0,0,0,0,0,0,0,0,0,0,0,0,0,0,0,0,12896,6802,760,350,118,102,0,0,0,0,0,0,0,0,0,0,0,0,0,0,0,0,0,0,0,0,0,0,0,0,0,0,0,0,0,0,0,0,0,0,0,0,0,0,0,0,0,0,0,0,0,0,0,0,0,0,0,0,0,0,0,0,0,0,0,0,0,0,0,0,0,0,0,0,0,0,0,0,0,0,0,0,0,0,0,0,0,0,0,0,0,0,0,0,0,0,0,0,0
2019-03-01,0.0,0,27920,22025,4893.6725,43,6,55,7,34.68629729367623,MONTH,1,1,54,25,252,414,966,1497,1936,1626,1663,1582,2046,2808,1304,1128,1028,1115,994,654,440,215,98,62,44,29,19,11,5,0,2,1,1,1,0,0,0,0,1,0,0,0,1,1,0,0,0,0,0,0,0,0,0,0,0,0,0,0,0,0,0,0,0,0,0,13749,7057,819,294,51,55,0,0,0,0,0,0,0,0,0,0,0,0,0,0,0,0,0,0,0,0,0,0,0,0,0,0,0,0,0,0,0,0,0,0,0,0,0,0,0,0,0,0,0,0,0,0,0,0,0,0,0,0,0,0,0,0,0,0,0,0,0,0,0,0,0,0,0,0,0,0,0,0,0,0,0,0,0,0,0,0,0,0,0,0,0,0,0,0,0,0,0,0,0
2019-04-01,0.0,0,25431,20408,4917.014,44,6,53,7,33.994358536050946,MONTH,1,1,80,22,262,397,888,1358,1787,1474,1566,1455,1904,2569,1230,1072,938,1003,896,591,416,244,106,51,32,24,14,11,7,0,1,2,2,1,1,1,0,0,0,0,0,0,0,0,1,0,0,0,0,0,0,0,0,0,0,0,0,0,0,0,0,0,0,0,0,13333,5994,677,328,23,53,0,0,0,0,0,0,0,0,0,0,0,0,0,0,0,0,0,0,0,0,0,0,0,0,0,0,0,0,0,0,0,0,0,0,0,0,0,0,0,0,0,0,0,0,0,0,0,0,0,0,0,0,0,0,0,0,0,0,0,0,0,0,0,0,0,0,0,0,0,0,0,0,0,0,0,0,0,0,0,0,0,0,0,0,0,0,0,0,0,0,0,0,0
2019-05-01,0.0,0,20359,17287,4927.192,50,6,41,9,41.32856674578955,MONTH,1,1,27,23,185,400,787,1195,1513,1367,1465,1316,1607,1910,1011,905,800,809,687,461,322,191,90,54,53,33,29,18,12,5,4,3,0,0,0,0,0,0,1,0,0,0,0,0,0,0,0,0,0,1,1,0,0,0,0,0,0,0,0,0,0,0,0,0,0,12404,4188,463,190,1,41,0,0,0,0,0,0,0,0,0,0,0,0,0,0,0,0,0,0,0,0,0,0,0,0,0,0,0,0,0,0,0,0,0,0,0,0,0,0,0,0,0,0,0,0,0,0,0,0,0,0,0,0,0,0,0,0,0,0,0,0,0,0,0,0,0,0,0,0,0,0,0,0,0,0,0,0,0,0,0,0,0,0,0,0,0,0,0,0,0,0,0,0,0
2019-06-01,0.0,0,24577,19720,4536.21,50,6,46,7,32.97570979500509,MONTH,1,1,37,24,196,408,847,1294,1844,1567,1692,1537,1931,2618,1153,992,853,845,672,409,301,156,84,66,43,43,44,28,21,5,2,1,0,0,0,0,0,1,0,1,1,0,0,1,0,0,0,0,0,0,1,0,0,0,0,0,0,0,0,0,0,0,0,0,0,12676,5983,642,319,54,46,0,0,0,0,0,0,0,0,0,0,0,0,0,0,0,0,0,0,0,0,0,0,0,0,0,0,0,0,0,0,0,0,0,0,0,0,0,0,0,0,0,0,0,0,0,0,0,0,0,0,0,0,0,0,0,0,0,0,0,0,0,0,0,0,0,0,0,0,0,0,0,0,0,0,0,0,0,0,0,0,0,0,0,0,0,0,0,0,0,0,0,0,0
2019-07-01,0.0,0,24331,19624,4550.4835,56,6,38,7,29.620841098228937,MONTH,1,1,16,18,147,399,834,1222,1770,1599,1738,1543,1889,2412,1338,1058,915,834,679,456,332,155,83,71,35,23,18,17,13,4,1,1,0,0,0,0,0,0,0,0,0,0,0,0,0,0,0,0,1,0,0,0,0,0,0,0,1,0,0,0,0,0,0,0,0,12536,6116,601,284,49,38,0,0,0,0,0,0,0,0,0,0,0,0,0,0,0,0,0,0,0,0,0,0,0,0,0,0,0,0,0,0,0,0,0,0,0,0,0,0,0,0,0,0,0,0,0,0,0,0,0,0,0,0,0,0,0,0,0,0,0,0,0,0,0,0,0,0,0,0,0,0,0,0,0,0,0,0,0,0,0,0,0,0,0,0,0,0,0,0,0,0,0,0,0
2019-08-01,0.0,0,24986,20088,4462.192,31,8,33,7,31.00809230285677,MONTH,1,1,13,11,85,394,783,1140,1806,1749,1786,1664,2256,2944,1277,871,688,684,639,502,389,169,91,80,34,15,9,1,2,1,2,1,0,0,0,0,0,0,0,0,0,0,0,0,0,0,0,0,0,0,0,0,0,0,0,0,0,0,0,0,0,0,0,0,0,13154,5976,522,281,89,27,6,33,0,0,0,0,0,0,0,0,0,0,0,0,0,0,0,0,0,0,0,0,0,0,0,0,0,0,0,0,0,0,0,0,0,0,0,0,0,0,0,0,0,0,0,0,0,0,0,0,0,0,0,0,0,0,0,0,0,0,0,0,0,0,0,0,0,0,0,0,0,0,0,0,0,0,0,0,0,0,0,0,0,0,0,0,0,0,0,0,0,0,0
2019-09-01,0.0,0,26781,20644,4293.954,57,9,86,7,34.055364791537784,MONTH,1,1,57,12,138,378,781,1116,1740,1715,1769,1736,2485,3226,1528,881,676,633,577,444,338,158,84,89,43,23,10,3,0,0,0,0,0,0,0,0,0,0,0,0,0,0,0,1,0,0,0,0,0,0,0,0,0,0,0,0,0,1,0,0,0,0,0,0,0,13110,6293,685,292,30,78,48,22,86,0,0,0,0,0,0,0,0,0,0,0,0,0,0,0,0,0,0,0,0,0,0,0,0,0,0,0,0,0,0,0,0,0,0,0,0,0,0,0,0,0,0,0,0,0,0,0,0,0,0,0,0,0,0,0,0,0,0,0,0,0,0,0,0,0,0,0,0,0,0,0,0,0,0,0,0,0,0,0,0,0,0,0,0,0,0,0,0,0,0
2019-10-01,0.0,0,26091,20316,4451.5265,58,8,52,7,36.84446477724165,MONTH,1,1,92,11,152,374,776,1200,1819,1655,1717,1701,2372,3186,1533,942,689,563,471,370,257,163,86,99,42,27,10,1,0,0,0,0,0,1,0,0,1,0,0,0,1,0,0,0,1,0,0,0,0,1,0,0,0,0,0,0,0,0,1,0,0,0,0,0,0,13162,6001,623,225,86,65,102,52,0,0,0,0,0,0,0,0,0,0,0,0,0,0,0,0,0,0,0,0,0,0,0,0,0,0,0,0,0,0,0,0,0,0,0,0,0,0,0,0,0,0,0,0,0,0,0,0,0,0,0,0,0,0,0,0,0,0,0,0,0,0,0,0,0,0,0,0,0,0,0,0,0,0,0,0,0,0,0,0,0,0,0,0,0,0,0,0,0,0,0
2019-11-01,0.0,0,21383,17297,5160.9515,31,7,18,7,38.716171009062315,MONTH,1,1,142,10,182,347,776,1012,1680,1509,1576,1537,2104,2530,1183,712,498,411,331,229,209,111,57,77,32,22,11,3,1,1,1,1,0,0,0,0,0,0,0,0,0,0,0,0,0,0,0,0,0,0,0,0,0,0,0,0,0,0,0,0,0,0,0,0,0,11755,4600,561,181,90,92,18,0,0,0,0,0,0,0,0,0,0,0,0,0,0,0,0,0,0,0,0,0,0,0,0,0,0,0,0,0,0,0,0,0,0,0,0,0,0,0,0,0,0,0,0,0,0,0,0,0,0,0,0,0,0,0,0,0,0,0,0,0,0,0,0,0,0,0,0,0,0,0,0,0,0,0,0,0,0,0,0,0,0,0,0,0,0,0,0,0,0,0,0
2019-12-01,0.0,0,23026,18405,4969.1855,28,10,20,7,33.07170273042936,MONTH,1,1,12,12,68,348,783,1009,1767,1522,1734,1522,2277,2909,1326,784,535,494,414,292,280,135,68,54,31,17,7,2,1,0,0,0,0,0,0,0,0,0,0,0,0,0,0,0,0,0,0,0,0,0,0,0,0,0,0,0,0,0,0,0,0,0,0,0,0,12273,5108,629,183,92,35,62,3,0,20,0,0,0,0,0,0,0,0,0,0,0,0,0,0,0,0,0,0,0,0,0,0,0,0,0,0,0,0,0,0,0,0,0,0,0,0,0,0,0,0,0,0,0,0,0,0,0,0,0,0,0,0,0,0,0,0,0,0,0,0,0,0,0,0,0,0,0,0,0,0,0,0,0,0,0,0,0,0,0,0,0,0,0,0,0,0,0,0,0
2020-01-01,0.0,0,24919,19392,4334.3505,27,9,22,7,32.91684249214958,MONTH,1,1,13,12,74,358,845,1091,1907,1686,1846,1613,2424,3245,1370,788,493,446,368,254,239,125,70,57,31,23,9,3,0,0,0,0,0,0,0,0,0,0,0,0,0,0,0,0,0,0,0,0,0,0,0,0,0,0,0,0,0,0,0,0,0,0,0,0,0,12278,5932,671,283,73,31,38,64,22,0,0,0,0,0,0,0,0,0,0,0,0,0,0,0,0,0,0,0,0,0,0,0,0,0,0,0,0,0,0,0,0,0,0,0,0,0,0,0,0,0,0,0,0,0,0,0,0,0,0,0,0,0,0,0,0,0,0,0,0,0,0,0,0,0,0,0,0,0,0,0,0,0,0,0,0,0,0,0,0,0,0,0,0,0,0,0,0,0,0
2020-02-01,0.0,0,22069,17669,4333.4155,54,9,23,7,35.06186805434587,MONTH,1,1,68,11,132,306,778,1022,1759,1545,1647,1589,1947,2608,1292,1081,664,451,247,149,99,135,38,44,20,13,6,3,4,3,2,1,0,0,0,0,0,0,0,0,0,0,0,0,0,0,0,0,1,0,0,0,0,0,2,0,0,0,0,0,0,0,0,0,0,11655,5062,546,216,90,49,4,24,23,0,0,0,0,0,0,0,0,0,0,0,0,0,0,0,0,0,0,0,0,0,0,0,0,0,0,0,0,0,0,0,0,0,0,0,0,0,0,0,0,0,0,0,0,0,0,0,0,0,0,0,0,0,0,0,0,0,0,0,0,0,0,0,0,0,0,0,0,0,0,0,0,0,0,0,0,0,0,0,0,0,0,0,0,0,0,0,0,0,0
2020-03-01,0.0,0,23711,18899,4955.406,28,10,28,7,31.77272528009621,MONTH,1,1,14,11,65,297,799,1068,1912,1617,1655,1691,2060,2996,1375,1202,793,553,274,153,93,125,51,31,26,17,9,7,3,0,0,0,0,0,0,0,0,0,0,0,0,0,0,0,0,0,0,0,0,0,0,0,0,0,0,0,0,0,0,0,0,0,0,0,0,12384,5505,589,227,71,47,0,26,22,28,0,0,0,0,0,0,0,0,0,0,0,0,0,0,0,0,0,0,0,0,0,0,0,0,0,0,0,0,0,0,0,0,0,0,0,0,0,0,0,0,0,0,0,0,0,0,0,0,0,0,0,0,0,0,0,0,0,0,0,0,0,0,0,0,0,0,0,0,0,0,0,0,0,0,0,0,0,0,0,0,0,0,0,0,0,0,0,0,0
2020-04-01,0.0,0,23252,18412,4367.9645,45,11,26,7,31.652469816167624,MONTH,1,1,15,8,61,284,793,1033,1798,1553,1584,1608,1981,2967,1398,1198,786,577,255,172,78,117,39,55,19,12,9,5,3,1,0,0,0,0,0,0,0,0,0,0,0,0,0,0,0,1,0,0,0,0,0,0,0,0,0,0,0,0,0,0,0,0,0,0,0,12301,5081,538,262,50,99,32,19,1,3,26,0,0,0,0,0,0,0,0,0,0,0,0,0,0,0,0,0,0,0,0,0,0,0,0,0,0,0,0,0,0,0,0,0,0,0,0,0,0,0,0,0,0,0,0,0,0,0,0,0,0,0,0,0,0,0,0,0,0,0,0,0,0,0,0,0,0,0,0,0,0,0,0,0,0,0,0,0,0,0,0,0,0,0,0,0,0,0,0
2020-05-01,0.0,0,23708,18828,4630.864,27,12,24,7,31.619215301260393,MONTH,1,1,13,10,69,307,820,1150,1765,1527,1665,1723,2098,2965,1408,1193,820,586,244,164,77,107,39,27,20,14,9,6,0,0,0,0,0,0,0,0,0,0,0,0,0,0,0,0,0,0,0,0,0,0,0,0,0,0,0,0,0,0,0,0,0,0,0,0,0,12298,5506,606,221,83,39,22,23,1,1,4,24,0,0,0,0,0,0,0,0,0,0,0,0,0,0,0,0,0,0,0,0,0,0,0,0,0,0,0,0,0,0,0,0,0,0,0,0,0,0,0,0,0,0,0,0,0,0,0,0,0,0,0,0,0,0,0,0,0,0,0,0,0,0,0,0,0,0,0,0,0,0,0,0,0,0,0,0,0,0,0,0,0,0,0,0,0,0,0
2020-06-01,0.0,0,26636,20593,4469.654,29,11,55,7,31.23203530203243,MONTH,1,1,19,10,69,304,862,1233,1870,1469,1550,1772,2113,3045,1552,1451,993,833,543,305,158,170,76,60,52,40,26,10,4,2,0,0,0,0,0,0,0,0,0,0,0,0,0,0,0,0,0,0,0,0,0,0,0,0,0,0,0,0,0,0,0,0,0,0,0,13106,6239,655,284,92,83,51,21,6,1,55,0,0,0,0,0,0,0,0,0,0,0,0,0,0,0,0,0,0,0,0,0,0,0,0,0,0,0,0,0,0,0,0,0,0,0,0,0,0,0,0,0,0,0,0,0,0,0,0,0,0,0,0,0,0,0,0,0,0,0,0,0,0,0,0,0,0,0,0,0,0,0,0,0,0,0,0,0,0,0,0,0,0,0,0,0,0,0,0
2020-07-01,0.0,0,21518,17331,4377.5665,36,9,30,7,31.12740742489267,MONTH,1,1,12,11,59,200,551,1061,1373,1559,1593,1688,1482,1962,2509,1141,808,520,232,154,121,143,34,31,28,20,13,11,1,4,1,1,2,1,1,1,1,0,0,0,0,0,0,0,0,0,0,0,0,0,0,0,0,0,0,0,0,0,0,0,0,0,0,0,0,11366,5160,468,183,16,58,19,31,30,0,0,0,0,0,0,0,0,0,0,0,0,0,0,0,0,0,0,0,0,0,0,0,0,0,0,0,0,0,0,0,0,0,0,0,0,0,0,0,0,0,0,0,0,0,0,0,0,0,0,0,0,0,0,0,0,0,0,0,0,0,0,0,0,0,0,0,0,0,0,0,0,0,0,0,0,0,0,0,0,0,0,0,0,0,0,0,0,0,0
2020-08-01,0.0,0,22499,17953,4527.3645,28,8,58,7,30.382846666666666,MONTH,1,1,24,10,69,185,548,1060,1417,1660,1691,1779,1513,2082,2810,1068,790,485,244,146,114,135,35,34,23,14,10,3,2,0,0,0,0,0,0,0,0,0,0,0,0,0,0,0,0,0,0,0,0,0,0,0,0,0,0,0,0,0,0,0,0,0,0,0,0,11896,5103,536,181,54,104,21,58,0,0,0,0,0,0,0,0,0,0,0,0,0,0,0,0,0,0,0,0,0,0,0,0,0,0,0,0,0,0,0,0,0,0,0,0,0,0,0,0,0,0,0,0,0,0,0,0,0,0,0,0,0,0,0,0,0,0,0,0,0,0,0,0,0,0,0,0,0,0,0,0,0,0,0,0,0,0,0,0,0,0,0,0,0,0,0,0,0,0,0
2020-09-01,0.0,0,22362,17726,4657.1505,27,9,33,7,30.334881055193527,MONTH,1,1,10,9,58,164,550,1060,1465,1557,1717,1724,1495,2132,2911,1163,703,404,237,115,78,97,25,17,16,11,5,1,0,0,0,0,0,0,0,0,0,0,0,0,0,0,0,0,0,0,0,0,0,0,0,0,0,0,0,0,0,0,0,0,0,0,0,0,0,11680,5043,600,148,94,87,17,24,33,0,0,0,0,0,0,0,0,0,0,0,0,0,0,0,0,0,0,0,0,0,0,0,0,0,0,0,0,0,0,0,0,0,0,0,0,0,0,0,0,0,0,0,0,0,0,0,0,0,0,0,0,0,0,0,0,0,0,0,0,0,0,0,0,0,0,0,0,0,0,0,0,0,0,0,0,0,0,0,0,0,0,0,0,0,0,0,0,0,0
2020-10-01,0.0,0,23249,17982,5024.059,34,10,63,8,36.32397882736137,MONTH,1,1,34,12,71,207,516,1012,1355,1451,1619,1647,1567,2134,2719,1231,786,545,403,179,142,123,67,51,35,26,14,12,7,5,3,1,2,2,2,0,0,0,0,0,0,0,0,0,0,0,0,0,0,0,0,0,0,0,0,0,0,0,0,0,0,0,0,0,0,11641,5284,523,208,94,83,42,8,36,63,0,0,0,0,0,0,0,0,0,0,0,0,0,0,0,0,0,0,0,0,0,0,0,0,0,0,0,0,0,0,0,0,0,0,0,0,0,0,0,0,0,0,0,0,0,0,0,0,0,0,0,0,0,0,0,0,0,0,0,0,0,0,0,0,0,0,0,0,0,0,0,0,0,0,0,0,0,0,0,0,0,0,0,0,0,0,0,0,0
2020-11-01,0.0,0,21577,16952,4562.1775,34,11,61,8,31.720818248553336,MONTH,1,1,6,8,60,230,486,940,1270,1309,1476,1658,1346,1938,2750,1085,757,549,317,185,154,166,78,57,47,25,15,14,9,7,3,2,1,1,1,0,0,0,0,0,0,0,0,0,0,0,0,0,0,0,0,0,0,0,0,0,0,0,0,0,0,0,0,0,0,11545,4511,454,193,66,38,46,22,4,12,61,0,0,0,0,0,0,0,0,0,0,0,0,0,0,0,0,0,0,0,0,0,0,0,0,0,0,0,0,0,0,0,0,0,0,0,0,0,0,0,0,0,0,0,0,0,0,0,0,0,0,0,0,0,0,0,0,0,0,0,0,0,0,0,0,0,0,0,0,0,0,0,0,0,0,0,0,0,0,0,0,0,0,0,0,0,0,0,0
2020-12-01,0.0,0,22497,17762,4371.0455,33,11,75,7,29.843079295684277,MONTH,1,1,10,10,68,260,493,947,1251,1353,1622,1831,1445,2024,2927,1041,781,569,312,198,169,155,70,57,49,31,23,14,14,11,5,7,7,6,0,0,0,0,0,0,0,0,0,0,0,0,0,0,0,0,0,0,0,0,0,0,0,0,0,0,0,0,0,0,0,11840,5033,450,190,73,37,53,4,0,7,75,0,0,0,0,0,0,0,0,0,0,0,0,0,0,0,0,0,0,0,0,0,0,0,0,0,0,0,0,0,0,0,0,0,0,0,0,0,0,0,0,0,0,0,0,0,0,0,0,0,0,0,0,0,0,0,0,0,0,0,0,0,0,0,0,0,0,0,0,0,0,0,0,0,0,0,0,0,0,0,0,0,0,0,0,0,0,0,0
2021-01-01,0.0,0,23530,18037,4677.0195,33,13,72,7,30.299100795544934,MONTH,1,1,21,11,59,265,480,961,1272,1494,1626,1753,1391,1873,2726,1198,861,871,325,208,166,153,77,69,50,31,25,14,9,10,8,13,8,7,0,0,0,0,0,0,0,0,0,0,0,0,0,0,0,0,0,0,0,0,0,0,0,0,0,0,0,0,0,0,0,11526,5476,563,200,71,29,13,72,4,1,5,5,72,0,0,0,0,0,0,0,0,0,0,0,0,0,0,0,0,0,0,0,0,0,0,0,0,0,0,0,0,0,0,0,0,0,0,0,0,0,0,0,0,0,0,0,0,0,0,0,0,0,0,0,0,0,0,0,0,0,0,0,0,0,0,0,0,0,0,0,0,0,0,0,0,0,0,0,0,0,0,0,0,0,0,0,0,0,0
2021-02-01,0.0,0,26387,20814,4531.87,33,9,94,8,35.71030735011228,MONTH,1,1,19,22,160,345,623,1355,1678,1874,1899,1855,1600,1617,1902,1530,1007,1635,451,313,242,206,137,92,65,49,41,22,15,15,11,15,9,8,0,0,0,0,0,0,0,0,0,0,0,0,0,0,0,0,0,0,0,0,0,0,0,0,0,0,0,0,0,0,0,14211,5362,656,289,69,81,8,44,94,0,0,0,0,0,0,0,0,0,0,0,0,0,0,0,0,0,0,0,0,0,0,0,0,0,0,0,0,0,0,0,0,0,0,0,0,0,0,0,0,0,0,0,0,0,0,0,0,0,0,0,0,0,0,0,0,0,0,0,0,0,0,0,0,0,0,0,0,0,0,0,0,0,0,0,0,0,0,0,0,0,0,0,0,0,0,0,0,0,0
2021-03-01,0.0,0,28553,22170,4990.923,34,10,72,8,36.74116711666914,MONTH,1,1,18,24,153,340,650,1484,1709,1826,1981,1939,1680,1746,2155,1789,1114,1980,499,309,233,196,104,81,42,36,21,10,8,10,9,11,6,4,1,0,0,0,0,0,0,0,0,0,0,0,0,0,0,0,0,0,0,0,0,0,0,0,0,0,0,0,0,0,0,14974,5900,664,290,66,59,70,61,14,72,0,0,0,0,0,0,0,0,0,0,0,0,0,0,0,0,0,0,0,0,0,0,0,0,0,0,0,0,0,0,0,0,0,0,0,0,0,0,0,0,0,0,0,0,0,0,0,0,0,0,0,0,0,0,0,0,0,0,0,0,0,0,0,0,0,0,0,0,0,0,0,0,0,0,0,0,0,0,0,0,0,0,0,0,0,0,0,0,0
2021-04-01,0.0,0,29560,22993,4806.2855,34,10,74,8,37.16113218120817,MONTH,1,1,11,22,166,341,648,1537,1719,1834,2000,1953,1780,1954,2383,1952,1159,2019,482,296,207,171,109,81,44,34,26,15,9,11,9,11,4,3,1,0,0,0,0,0,0,0,0,0,0,0,0,0,0,0,0,0,0,0,0,0,0,0,0,0,0,0,0,0,0,15309,6420,680,219,60,47,30,85,69,74,0,0,0,0,0,0,0,0,0,0,0,0,0,0,0,0,0,0,0,0,0,0,0,0,0,0,0,0,0,0,0,0,0,0,0,0,0,0,0,0,0,0,0,0,0,0,0,0,0,0,0,0,0,0,0,0,0,0,0,0,0,0,0,0,0,0,0,0,0,0,0,0,0,0,0,0,0,0,0,0,0,0,0,0,0,0,0,0,0
2021-05-01,0.0,0,30054,23518,4873.9255,34,10,87,8,35.85767178016413,MONTH,1,1,25,23,154,332,629,1443,1675,1867,1995,1936,1912,2143,2481,1963,1164,2078,512,343,238,207,122,87,60,36,28,16,9,11,7,9,5,4,2,0,0,0,0,0,0,0,0,0,0,0,0,0,0,0,0,0,0,0,0,0,0,0,0,0,0,0,0,0,0,15703,6545,660,278,76,66,32,45,26,87,0,0,0,0,0,0,0,0,0,0,0,0,0,0,0,0,0,0,0,0,0,0,0,0,0,0,0,0,0,0,0,0,0,0,0,0,0,0,0,0,0,0,0,0,0,0,0,0,0,0,0,0,0,0,0,0,0,0,0,0,0,0,0,0,0,0,0,0,0,0,0,0,0,0,0,0,0,0,0,0,0,0,0,0,0,0,0,0,0
2021-06-01,0.0,0,30253,23461,4645.603,57,10,76,8,37.56247965956886,MONTH,1,1,17,24,160,349,718,1412,1674,1868,1982,2064,1972,2166,2421,1948,1158,1819,528,317,224,204,113,84,70,43,29,24,18,17,9,9,8,5,4,0,0,0,0,0,0,0,0,0,0,0,0,0,0,0,0,0,0,0,0,0,0,1,0,0,0,0,0,0,0,15438,6544,870,304,62,66,25,71,5,76,0,0,0,0,0,0,0,0,0,0,0,0,0,0,0,0,0,0,0,0,0,0,0,0,0,0,0,0,0,0,0,0,0,0,0,0,0,0,0,0,0,0,0,0,0,0,0,0,0,0,0,0,0,0,0,0,0,0,0,0,0,0,0,0,0,0,0,0,0,0,0,0,0,0,0,0,0,0,0,0,0,0,0,0,0,0,0,0,0
2021-07-01,0.0,0,29982,23595,4480.957,35,9,26,8,35.42220711122518,MONTH,1,1,31,24,159,369,725,1446,1762,1924,1989,2118,1969,2169,2449,1723,1084,2011,474,315,240,196,109,87,71,46,32,20,13,14,6,7,5,3,2,1,0,0,0,0,0,0,0,0,0,0,0,0,0,0,0,0,0,0,0,0,0,0,0,0,0,0,0,0,0,15683,6659,690,234,74,69,56,104,26,0,0,0,0,0,0,0,0,0,0,0,0,0,0,0,0,0,0,0,0,0,0,0,0,0,0,0,0,0,0,0,0,0,0,0,0,0,0,0,0,0,0,0,0,0,0,0,0,0,0,0,0,0,0,0,0,0,0,0,0,0,0,0,0,0,0,0,0,0,0,0,0,0,0,0,0,0,0,0,0,0,0,0,0,0,0,0,0,0,0
2021-08-01,0.0,0,29920,23547,4581.268,35,8,126,8,35.36177067840835,MONTH,1,1,26,22,133,361,685,1425,1745,1947,2009,2098,1910,2081,2448,1715,1098,2032,493,332,276,207,142,101,68,53,42,28,16,16,9,10,9,6,1,1,0,0,0,0,0,0,0,0,0,0,0,0,0,0,0,0,0,0,0,0,0,0,0,0,0,0,0,0,0,15517,6704,779,247,63,51,60,126,0,0,0,0,0,0,0,0,0,0,0,0,0,0,0,0,0,0,0,0,0,0,0,0,0,0,0,0,0,0,0,0,0,0,0,0,0,0,0,0,0,0,0,0,0,0,0,0,0,0,0,0,0,0,0,0,0,0,0,0,0,0,0,0,0,0,0,0,0,0,0,0,0,0,0,0,0,0,0,0,0,0,0,0,0,0,0,0,0,0,0
2021-09-01,0.0,0,29543,23564,4528.407,34,8,38,8,34.978292533420245,MONTH,1,1,26,21,149,339,693,1464,1741,1952,2040,2076,1932,2093,2516,1680,1112,1950,537,330,259,167,162,97,74,49,31,21,12,11,7,8,8,4,1,0,0,0,0,0,0,0,0,0,0,0,0,0,0,0,0,0,0,0,0,0,0,0,0,0,0,0,0,0,0,15862,6393,782,221,80,56,132,38,0,0,0,0,0,0,0,0,0,0,0,0,0,0,0,0,0,0,0,0,0,0,0,0,0,0,0,0,0,0,0,0,0,0,0,0,0,0,0,0,0,0,0,0,0,0,0,0,0,0,0,0,0,0,0,0,0,0,0,0,0,0,0,0,0,0,0,0,0,0,0,0,0,0,0,0,0,0,0,0,0,0,0,0,0,0,0,0,0,0,0
2021-10-01,0.0,0,31573,24772,4481.0805,35,8,16,8,35.43351612025161,MONTH,1,1,26,21,156,376,715,1492,1858,2052,2141,2117,1991,2191,2685,1735,1222,2110,577,364,294,161,155,97,63,53,32,27,15,12,7,8,8,6,2,1,0,0,0,0,0,0,0,0,0,0,0,0,0,0,0,0,0,0,0,0,0,0,0,0,0,0,0,0,0,16259,7081,787,357,47,86,139,16,0,0,0,0,0,0,0,0,0,0,0,0,0,0,0,0,0,0,0,0,0,0,0,0,0,0,0,0,0,0,0,0,0,0,0,0,0,0,0,0,0,0,0,0,0,0,0,0,0,0,0,0,0,0,0,0,0,0,0,0,0,0,0,0,0,0,0,0,0,0,0,0,0,0,0,0,0,0,0,0,0,0,0,0,0,0,0,0,0,0,0
2021-11-01,0.0,0,31888,25116,4529.235,35,8,61,8,35.446401002063034,MONTH,1,1,36,22,160,358,740,1625,1771,2077,2148,2211,2057,2252,2652,1765,1174,2166,610,392,304,191,119,86,64,51,28,16,12,6,4,6,6,2,2,1,0,0,0,0,0,0,0,0,0,0,0,0,0,0,0,0,0,0,0,0,0,0,0,0,0,0,0,0,0,16425,7229,929,282,31,56,103,61,0,0,0,0,0,0,0,0,0,0,0,0,0,0,0,0,0,0,0,0,0,0,0,0,0,0,0,0,0,0,0,0,0,0,0,0,0,0,0,0,0,0,0,0,0,0,0,0,0,0,0,0,0,0,0,0,0,0,0,0,0,0,0,0,0,0,0,0,0,0,0,0,0,0,0,0,0,0,0,0,0,0,0,0,0,0,0,0,0,0,0
2021-12-01,0.0,0,30603,23972,4548.0505,35,8,104,8,35.75777945162295,MONTH,1,1,27,22,162,352,727,1561,1673,1961,2086,2121,2073,2218,2445,1693,1198,1809,575,375,282,182,122,96,69,45,28,22,12,7,4,6,7,5,3,2,0,0,0,0,0,0,0,0,0,0,0,0,0,0,0,0,0,0,0,0,0,0,0,0,0,0,0,0,0,15718,6780,909,288,64,35,74,104,0,0,0,0,0,0,0,0,0,0,0,0,0,0,0,0,0,0,0,0,0,0,0,0,0,0,0,0,0,0,0,0,0,0,0,0,0,0,0,0,0,0,0,0,0,0,0,0,0,0,0,0,0,0,0,0,0,0,0,0,0,0,0,0,0,0,0,0,0,0,0,0,0,0,0,0,0,0,0,0,0,0,0,0,0,0,0,0,0,0,0
2022-01-01,0.0,0,29298,23357,4508.7365,34,9,45,8,37.01846187712636,MONTH,1,1,22,24,150,331,728,1521,1712,1943,2052,2038,2011,2054,2265,1836,1062,1963,502,343,262,161,117,92,56,39,23,13,10,7,5,5,3,3,2,0,0,0,0,0,0,0,0,0,0,0,0,0,0,0,0,0,0,0,0,0,0,0,0,0,0,0,0,0,0,16011,6101,657,305,73,68,75,22,45,0,0,0,0,0,0,0,0,0,0,0,0,0,0,0,0,0,0,0,0,0,0,0,0,0,0,0,0,0,0,0,0,0,0,0,0,0,0,0,0,0,0,0,0,0,0,0,0,0,0,0,0,0,0,0,0,0,0,0,0,0,0,0,0,0,0,0,0,0,0,0,0,0,0,0,0,0,0,0,0,0,0,0,0,0,0,0,0,0,0
2022-02-01,0.0,0,30384,23937,4907.8925,34,9,25,8,35.9023008692953,MONTH,1,1,83,22,159,336,713,1584,1606,1889,1991,2045,1943,2093,2464,1800,1239,2102,584,378,308,180,130,104,55,42,24,15,12,9,8,6,6,4,1,0,0,0,0,0,0,0,0,0,0,0,0,0,0,0,0,0,0,0,0,0,0,0,0,0,0,0,0,0,0,16059,6485,799,256,153,112,7,41,25,0,0,0,0,0,0,0,0,0,0,0,0,0,0,0,0,0,0,0,0,0,0,0,0,0,0,0,0,0,0,0,0,0,0,0,0,0,0,0,0,0,0,0,0,0,0,0,0,0,0,0,0,0,0,0,0,0,0,0,0,0,0,0,0,0,0,0,0,0,0,0,0,0,0,0,0,0,0,0,0,0,0,0,0,0,0,0,0,0,0
2022-03-01,0.0,0,26368,21104,4585.9275,35,8,18,8,33.31230739514342,MONTH,1,1,79,21,162,342,724,1577,1489,1471,1821,1556,1650,1623,2105,1466,1122,1815,496,447,308,247,177,140,93,56,31,21,14,11,8,10,10,7,2,1,0,0,0,0,0,0,0,0,0,0,0,0,0,0,0,0,0,0,0,0,0,0,0,0,0,0,0,0,0,14085,5905,689,281,61,24,41,18,0,0,0,0,0,0,0,0,0,0,0,0,0,0,0,0,0,0,0,0,0,0,0,0,0,0,0,0,0,0,0,0,0,0,0,0,0,0,0,0,0,0,0,0,0,0,0,0,0,0,0,0,0,0,0,0,0,0,0,0,0,0,0,0,0,0,0,0,0,0,0,0,0,0,0,0,0,0,0,0,0,0,0,0,0,0,0,0,0,0,0
2022-04-01,0.0,0,23582,19359,4831.511,35,8,34,8,34.16906279140878,MONTH,1,1,114,23,150,359,713,1453,1402,1319,1664,1401,1483,1493,1878,1287,970,1700,478,437,283,197,148,122,79,43,23,17,56,17,13,10,9,9,5,2,0,0,0,0,0,0,0,0,0,0,0,0,0,0,0,0,0,0,0,0,0,0,0,0,0,0,0,0,0,13238,5210,531,272,62,9,3,34,0,0,0,0,0,0,0,0,0,0,0,0,0,0,0,0,0,0,0,0,0,0,0,0,0,0,0,0,0,0,0,0,0,0,0,0,0,0,0,0,0,0,0,0,0,0,0,0,0,0,0,0,0,0,0,0,0,0,0,0,0,0,0,0,0,0,0,0,0,0,0,0,0,0,0,0,0,0,0,0,0,0,0,0,0,0,0,0,0,0,0
2022-05-01,0.0,0,24181,19628,4480.055,34,8,18,8,32.13271505891023,MONTH,1,1,46,23,156,389,652,1436,1314,1284,1615,1343,1480,1489,1941,1387,1037,1994,511,477,309,233,183,140,82,35,18,9,9,9,7,5,6,5,2,0,0,0,0,0,0,0,0,0,0,0,0,0,0,0,0,0,0,0,0,0,0,0,0,0,0,0,0,0,0,13284,5435,555,203,75,57,1,18,0,0,0,0,0,0,0,0,0,0,0,0,0,0,0,0,0,0,0,0,0,0,0,0,0,0,0,0,0,0,0,0,0,0,0,0,0,0,0,0,0,0,0,0,0,0,0,0,0,0,0,0,0,0,0,0,0,0,0,0,0,0,0,0,0,0,0,0,0,0,0,0,0,0,0,0,0,0,0,0,0,0,0,0,0,0,0,0,0,0,0
2022-06-01,0.0,0,24218,19502,4580.038,35,8,38,8,32.099013664825044,MONTH,1,1,29,22,155,371,655,1506,1358,1335,1590,1265,1392,1409,1904,1407,1050,2000,582,427,281,213,166,140,86,49,28,11,12,11,12,10,11,10,2,1,0,0,0,0,0,0,0,0,0,0,0,0,0,0,0,0,0,0,0,0,0,0,0,0,0,0,0,0,0,13090,5481,571,182,90,48,2,38,0,0,0,0,0,0,0,0,0,0,0,0,0,0,0,0,0,0,0,0,0,0,0,0,0,0,0,0,0,0,0,0,0,0,0,0,0,0,0,0,0,0,0,0,0,0,0,0,0,0,0,0,0,0,0,0,0,0,0,0,0,0,0,0,0,0,0,0,0,0,0,0,0,0,0,0,0,0,0,0,0,0,0,0,0,0,0,0,0,0,0
2022-07-01,0.0,0,26790,20877,4104.6595,35,9,23,8,33.34776959570961,MONTH,1,1,29,23,153,380,678,1513,1342,1422,1692,1295,1401,1597,2367,1688,1219,2012,614,448,289,210,170,131,82,39,26,13,10,9,6,4,4,6,2,1,0,0,0,0,0,0,0,0,0,0,0,0,0,0,0,0,0,0,0,0,0,0,0,0,0,0,0,0,0,13466,6132,753,335,60,46,40,22,23,0,0,0,0,0,0,0,0,0,0,0,0,0,0,0,0,0,0,0,0,0,0,0,0,0,0,0,0,0,0,0,0,0,0,0,0,0,0,0,0,0,0,0,0,0,0,0,0,0,0,0,0,0,0,0,0,0,0,0,0,0,0,0,0,0,0,0,0,0,0,0,0,0,0,0,0,0,0,0,0,0,0,0,0,0,0,0,0,0,0
2022-08-01,0.0,0,26081,20681,4103.843,34,8,45,8,33.45386862360913,MONTH,1,1,25,24,165,384,640,1499,1235,1316,1648,1229,1371,1629,2365,1679,1220,2041,606,484,314,234,188,138,105,45,25,14,13,12,7,6,7,8,3,0,0,0,0,0,0,0,0,0,0,0,0,0,0,0,0,0,0,0,0,0,0,0,0,0,0,0,0,0,0,13623,5870,752,277,57,36,21,45,0,0,0,0,0,0,0,0,0,0,0,0,0,0,0,0,0,0,0,0,0,0,0,0,0,0,0,0,0,0,0,0,0,0,0,0,0,0,0,0,0,0,0,0,0,0,0,0,0,0,0,0,0,0,0,0,0,0,0,0,0,0,0,0,0,0,0,0,0,0,0,0,0,0,0,0,0,0,0,0,0,0,0,0,0,0,0,0,0,0,0
2022-09-01,0.0,0,25676,20261,4629.0815,34,8,48,8,35.65312598484846,MONTH,1,1,23,20,136,390,625,1469,1269,1345,1627,1270,1347,1652,2167,1662,1204,1812,557,463,303,241,190,168,127,52,37,26,20,16,11,10,9,8,3,0,0,0,0,0,0,0,0,0,0,0,0,0,0,0,0,0,0,0,0,0,0,0,0,0,0,0,0,0,0,13343,5700,691,335,101,36,7,48,0,0,0,0,0,0,0,0,0,0,0,0,0,0,0,0,0,0,0,0,0,0,0,0,0,0,0,0,0,0,0,0,0,0,0,0,0,0,0,0,0,0,0,0,0,0,0,0,0,0,0,0,0,0,0,0,0,0,0,0,0,0,0,0,0,0,0,0,0,0,0,0,0,0,0,0,0,0,0,0,0,0,0,0,0,0,0,0,0,0,0
2022-10-01,0.0,0,28431,21829,4141.4295,35,10,30,8,36.11346562828142,MONTH,1,1,26,23,150,383,642,1500,1289,1301,1468,1403,1487,1781,2334,1798,1356,1886,635,528,418,287,358,253,247,142,51,22,17,12,7,7,7,6,2,1,0,0,0,0,0,0,0,0,0,0,0,0,0,0,0,0,0,0,0,0,0,0,0,0,0,0,0,0,0,14005,6343,834,369,93,61,53,39,2,30,0,0,0,0,0,0,0,0,0,0,0,0,0,0,0,0,0,0,0,0,0,0,0,0,0,0,0,0,0,0,0,0,0,0,0,0,0,0,0,0,0,0,0,0,0,0,0,0,0,0,0,0,0,0,0,0,0,0,0,0,0,0,0,0,0,0,0,0,0,0,0,0,0,0,0,0,0,0,0,0,0,0,0,0,0,0,0,0,0
2022-11-01,0.0,0,10081,8741,4120.618,35,8,18,12,46.4689789826379,MONTH,1,1,15,18,98,194,342,633,615,540,632,710,674,683,831,574,433,656,199,184,159,115,107,112,83,66,30,9,10,5,5,2,2,1,1,1,0,0,0,0,0,0,0,0,0,0,0,0,0,0,0,0,0,0,0,0,0,0,0,0,0,0,0,0,0,7176,1225,193,109,6,14,0,18,0,0,0,0,0,0,0,0,0,0,0,0,0,0,0,0,0,0,0,0,0,0,0,0,0,0,0,0,0,0,0,0,0,0,0,0,0,0,0,0,0,0,0,0,0,0,0,0,0,0,0,0,0,0,0,0,0,0,0,0,0,0,0,0,0,0,0,0,0,0,0,0,0,0,0,0,0,0,0,0,0,0,0,0,0,0,0,0,0,0,0
